ARRAY,STATION_NO,DEPLOY_DATE_TIME   (yyyy-mm-ddThh:mm:ss),DEPLOY_LAT,DEPLOY_LONG,BOTTOM_DEPTH,RISER_LENGTH,INSTRUMENT_DEPTH,INS_MODEL_NO,INS_SERIAL_NO,TRANSMITTER,TRANSMIT_MODEL,AR_MODEL_NO,AR_SERIAL_NO,DEPLOYED_BY (Lead Technicians),RECOVERED (y/n/l),RECOVER_DATE_TIME (yyyy-mm-ddThh:mm:ss),RECOVER_LAT (dd.ddddd),RECOVER_LONG (ddd.ddddd),DATA_DOWNLOADED (y/n),DOWNLOAD_DATE_TIME (yyyy-mm-ddThh:mm:ss),FILENAME,COMMENTS,,,,,,
TEQ,18HO,2009-12-14T00:00:00,27.08772,-80.03192,,,,VR2W,101926,,,,,,Y,2010-02-24T00:00:00,27.08772,-80.03192,Y,2010-02-24T00:00:00,,,,,,,,
TEQ,18HO,2010-02-24T00:00:00,27.08772,-80.03192,,,,VR2,8186,,,,,,Y,2010-04-22T00:00:00,27.08772,-80.03192,Y,2010-04-22T00:00:00,,,,,,,,
TEQ,18HO,2010-04-22T00:00:00,27.08772,-80.03192,,,,VR2W,106493,,,,,,Y,2010-08-20T00:00:00,27.08772,-80.03192,Y,2010-08-20T00:00:00,,,,,,,,
TEQ,18HO,2010-08-20T00:00:00,27.08772,-80.03192,,,,VR2,7199,,,,,,Y,2010-10-12T00:00:00,27.08772,-80.03192,Y,2010-10-12T00:00:00,,,,,,,,
TEQ,18HO,2010-10-12T00:00:00,27.08772,-80.03192,,,,VR2,8186,,,,,,Y,2011-05-09T00:00:00,27.08772,-80.03192,Y,2011-05-09T00:00:00,,,,,,,,
TEQ,18HO,2011-05-09T00:00:00,27.08772,-80.03192,,,,VR2W,106495,,,,,,Y,2011-07-12T00:00:00,27.08772,-80.03192,Y,2011-07-12T00:00:00,,,,,,,,
TEQ,18HO,2011-07-12T00:00:00,27.08772,-80.03192,,,,VR2W,110348,,,,,,Y,2012-01-09T00:00:00,27.08772,-80.03192,Y,2012-01-09T00:00:00,,,,,,,,
TEQ,ATLA,2009-12-10T00:00:00,26.97742,-80.02495,,,,VR2W,104790,,,,,,Y,2010-03-01T00:00:00,26.97742,-80.02495,Y,2010-03-01T00:00:00,,,,,,,,
TEQ,ATLA,2010-03-01T00:00:00,26.97742,-80.02495,,,,VR2,7200,,,,,,Y,2010-04-22T00:00:00,26.97742,-80.02495,Y,2010-04-22T00:00:00,,,,,,,,
TEQ,BLRO,2009-12-10T00:00:00,26.99117,-80.07912,,,,VR2W,105574,,,,,,Y,2010-02-23T00:00:00,26.99117,-80.07912,Y,2010-02-23T00:00:00,,,,,,,,
TEQ,BLRO,2010-02-23T00:00:00,26.99117,-80.07912,,,,VR2W,105574,,,,,,Y,2010-04-22T00:00:00,26.99117,-80.07912,Y,2010-04-22T00:00:00,,,,,,,,
TEQ,BLRO,2010-04-22T00:00:00,26.99117,-80.07912,,,,VR2W,105574,,,,,,Y,2010-06-28T00:00:00,26.99117,-80.07912,Y,2010-06-28T00:00:00,,,,,,,,
TEQ,BLRO,2010-06-28T00:00:00,26.99117,-80.07912,,,,VR2W,105574,,,,,,Y,2010-08-02T00:00:00,26.99117,-80.07912,Y,2010-08-02T00:00:00,,,,,,,,
TEQ,BLRO,2010-08-02T00:00:00,26.99117,-80.07912,,,,VR2W,105574,,,,,,Y,2010-10-12T00:00:00,26.99117,-80.07912,Y,2010-10-12T00:00:00,,,,,,,,
TEQ,BLRO,2010-10-12T00:00:00,26.99117,-80.07912,,,,VR2W,105574,,,,,,Y,2011-02-02T00:00:00,26.99117,-80.07912,Y,2011-02-02T00:00:00,,,,,,,,
TEQ,BLRO,2011-02-07T00:00:00,26.99117,-80.07912,,,,VR2W,101264,,,,,,Y,2011-05-09T00:00:00,26.99117,-80.07912,Y,2011-05-09T00:00:00,,,,,,,,
TEQ,BLRO,2011-05-09T00:00:00,26.99117,-80.07912,,,,VR2W,101264,,,,,,Y,2011-07-11T00:00:00,26.99117,-80.07912,Y,2011-07-11T00:00:00,,,,,,,,
TEQ,BLRO,2011-07-11T00:00:00,26.99117,-80.07912,,,,VR2W,106488,,,,,,Y,2011-11-29T00:00:00,26.99117,-80.07912,Y,2011-11-29T00:00:00,,,,,,,,
TEQ,BSBA,2009-12-14T00:00:00,27.13702,-80.12242,,,,VR2,7199,,,,,,Y,2010-02-24T00:00:00,27.13702,-80.12242,Y,2010-02-24T00:00:00,,,,,,,,
TEQ,BSBA,2010-02-24T00:00:00,27.13702,-80.12242,,,,VR2W,104791,,,,,,Y,2010-05-06T00:00:00,27.13702,-80.12242,Y,2010-05-06T00:00:00,,,,,,,,
TEQ,BSBA,2010-05-06T00:00:00,27.13702,-80.12242,,,,VR2W,104531,,,,,,Y,2010-08-06T00:00:00,27.13702,-80.12242,Y,2010-08-06T00:00:00,,,,,,,,
TEQ,BSBA,2010-08-06T00:00:00,27.13702,-80.12242,,,,VR2W,104790,,,,,,Y,2010-10-14T00:00:00,27.13702,-80.12242,Y,2010-10-14T00:00:00,,,,,,,,
TEQ,BSBA,2010-10-14T00:00:00,27.13702,-80.12242,,,,VR2W,104796,,,,,,Y,2011-03-14T00:00:00,27.13702,-80.12242,Y,2011-03-14T00:00:00,,,,,,,,
TEQ,BSBA,2011-03-14T00:00:00,27.13702,-80.12242,,,,VR2W,101265,,,,,,Y,2011-06-15T00:00:00,27.13702,-80.12242,Y,2011-06-15T00:00:00,,,,,,,,
TEQ,BSBA,2011-06-15T00:00:00,27.13702,-80.12242,,,,VR2W,106493,,,,,,Y,2011-07-25T00:00:00,27.13702,-80.12242,Y,2011-07-25T00:00:00,,,,,,,,
TEQ,CEBA,2009-12-14T00:00:00,27.21065,-80.10998,,,,VR2,6889,,,,,,Y,2010-02-22T00:00:00,27.21065,-80.10998,Y,2010-02-22T00:00:00,,,,,,,,
TEQ,CEBA,2010-02-22T00:00:00,27.21065,-80.10998,,,,VR2W,105575,,,,,,Y,2010-04-23T00:00:00,27.21065,-80.10998,Y,2010-04-23T00:00:00,,,,,,,,
TEQ,CEBA,2010-04-23T00:00:00,27.21065,-80.10998,,,,VR2W,106486,,,,,,Y,2010-06-16T00:00:00,27.21065,-80.10998,Y,2010-06-16T00:00:00,,,,,,,,
TEQ,CEBA,2010-06-16T00:00:00,27.21065,-80.10998,,,,VR2W,104793,,,,,,Y,2010-08-13T00:00:00,27.21065,-80.10998,Y,2010-08-13T00:00:00,,,,,,,,
TEQ,CEBA,2010-08-13T00:00:00,27.21065,-80.10998,,,,VR2W,105575,,,,,,Y,2010-10-14T00:00:00,27.21065,-80.10998,Y,2010-10-14T00:00:00,,,,,,,,
TEQ,CEBA,2010-10-14T00:00:00,27.21065,-80.10998,,,,VR2W,104793,,,,,,Y,2011-02-23T00:00:00,27.21065,-80.10998,Y,2011-02-23T00:00:00,,,,,,,,
TEQ,CEBA,2011-02-23T00:00:00,27.21065,-80.10998,,,,VR2W,106499,,,,,,Y,2011-05-19T00:00:00,27.21065,-80.10998,Y,2011-05-19T00:00:00,,,,,,,,
TEQ,CEBA,2011-05-19T00:00:00,27.21065,-80.10998,,,,VR2W,105575,,,,,,Y,2011-08-02T00:00:00,27.21065,-80.10998,Y,2011-08-02T00:00:00,,,,,,,,
TEQ,CEBA,2011-08-02T00:00:00,27.21065,-80.10998,,,,VR2W,110347,,,,,,Y,2011-12-29T00:00:00,27.21065,-80.10998,Y,2011-12-29T00:00:00,,,,,,,,
TEQ,CESC,2010-09-13T00:00:00,27.20640,-80.19110,,,,VR2W,105573,,,,,,Y,2010-10-19T00:00:00,27.20640,-80.19110,Y,2010-10-19T00:00:00,,,,,,,,
TEQ,CESC,2010-10-19T00:00:00,27.20640,-80.19110,,,,VR2W,105573,,,,,,Y,2010-12-22T00:00:00,27.20640,-80.19110,Y,2010-12-22T00:00:00,,,,,,,,
TEQ,CESC,2010-12-22T00:00:00,27.20640,-80.19110,,,,VR2W,105573,,,,,,Y,2011-02-18T00:00:00,27.20640,-80.19110,Y,2011-02-18T00:00:00,,,,,,,,
TEQ,CESC,2011-02-18T00:00:00,27.20640,-80.19110,,,,VR2W,105573,,,,,,Y,2011-05-04T00:00:00,27.20640,-80.19110,Y,2011-05-04T00:00:00,,,,,,,,
TEQ,CESC,2011-05-04T00:00:00,27.20640,-80.19110,,,,VR2W,105573,,,,,,Y,2011-09-12T00:00:00,27.20640,-80.19110,Y,2011-09-12T00:00:00,,,,,,,,
TEQ,CESC,2011-09-12T00:00:00,27.20640,-80.19110,,,,VR2W,105573,,,,,,Y,2011-11-08T00:00:00,27.20640,-80.19110,Y,2011-11-08T00:00:00,,,,,,,,
TEQ,CPRE,2010-05-06T00:00:00,27.22530,-80.10233,,,,VR2W,104793,,,,,,Y,2010-06-16T00:00:00,27.22530,-80.10233,Y,2010-06-16T00:00:00,,,,,,,,
TEQ,CPRE,2010-06-16T00:00:00,27.22530,-80.10233,,,,VR2W,106499,,,,,,Y,2010-08-13T00:00:00,27.22530,-80.10233,Y,2010-08-13T00:00:00,,,,,,,,
TEQ,CPRE,2010-08-13T00:00:00,27.22530,-80.10233,,,,VR2W,106486,,,,,,Y,2010-10-14T00:00:00,27.22530,-80.10233,Y,2010-10-14T00:00:00,,,,,,,,
TEQ,CPRE,2010-10-14T00:00:00,27.22530,-80.10233,,,,VR2W,106499,,,,,,Y,2011-02-23T00:00:00,27.22530,-80.10233,Y,2011-02-23T00:00:00,,,,,,,,
TEQ,CPRE,2011-02-23T00:00:00,27.22530,-80.10233,,,,VR2W,105575,,,,,,Y,2011-05-19T00:00:00,27.22530,-80.10233,Y,2011-05-19T00:00:00,,,,,,,,
TEQ,CPRE,2011-05-19T00:00:00,27.22530,-80.10233,,,,VR2W,106486,,,,,,Y,2011-07-26T00:00:00,27.22530,-80.10233,Y,2011-07-26T00:00:00,,,,,,,,
TEQ,CPRE,2011-07-26T00:00:00,27.22530,-80.10233,,,,VR2W,106496,,,,,,Y,2011-12-30T00:00:00,27.22530,-80.10233,Y,2011-12-30T00:00:00,,,,,,,,
TEQ,DBNO,2009-10-13T00:00:00,26.91253,-80.03388,,,,VR2W,104531,,,,,,Y,2010-03-01T00:00:00,26.91253,-80.03388,Y,2010-03-01T00:00:00,,,,,,,,
TEQ,DBNO,2010-03-01T00:00:00,26.91253,-80.03388,,,,VR2W,105572,,,,,,Y,2010-04-27T00:00:00,26.91253,-80.03388,Y,2010-04-27T00:00:00,,,,,,,,
TEQ,DBNO,2010-04-27T00:00:00,26.91253,-80.03388,,,,VR2W,106495,,,,,,Y,2010-10-11T00:00:00,26.91253,-80.03388,Y,2010-10-11T00:00:00,,,,,,,,
TEQ,DBNO,2010-10-11T00:00:00,26.91253,-80.03388,,,,VR2W,101927,,,,,,Y,2011-01-31T00:00:00,26.91253,-80.03388,Y,2011-01-31T00:00:00,,,,,,,,
TEQ,DBNO,2011-01-31T00:00:00,26.91253,-80.03388,,,,VR2W,106494,,,,,,Y,2011-06-10T00:00:00,26.91253,-80.03388,Y,2011-06-10T00:00:00,,,,,,,,
TEQ,DBNO,2011-06-10T00:00:00,26.91253,-80.03388,,,,VR2W,104532,,,,,,Y,2011-08-17T00:00:00,26.91253,-80.03388,Y,2011-08-17T00:00:00,,,,,,,,
TEQ,DBNO,2011-08-17T00:00:00,26.91253,-80.03388,,,,VR2W,104796,,,,,,Y,2011-11-29T00:00:00,26.91253,-80.03388,Y,2011-11-29T00:00:00,,,,,,,,
TEQ,DOCK,2009-12-15T00:00:00,27.46728,-80.30193,,,,VR2,7205,,,,,,Y,2010-02-15T00:00:00,27.46728,-80.30193,Y,2010-02-15T00:00:00,,,,,,,,
TEQ,DOCK,2010-02-15T00:00:00,27.46728,-80.30193,,,,VR2,7205,,,,,,Y,2010-04-23T00:00:00,27.46728,-80.30193,Y,2010-04-23T00:00:00,,,,,,,,
TEQ,DOCK,2010-04-23T00:00:00,27.46728,-80.30193,,,,VR2,7205,,,,,,Y,2010-06-10T00:00:00,27.46728,-80.30193,Y,2010-06-10T00:00:00,,,,,,,,
TEQ,DOCK,2010-06-10T00:00:00,27.46728,-80.30193,,,,VR2,7205,,,,,,Y,2010-08-26T00:00:00,27.46728,-80.30193,Y,2010-08-26T00:00:00,,,,,,,,
TEQ,DOCK,2010-08-26T00:00:00,27.46728,-80.30193,,,,VR2,7205,,,,,,Y,2010-10-15T00:00:00,27.46728,-80.30193,Y,2010-10-15T00:00:00,,,,,,,,
TEQ,DOCK,2010-10-15T00:00:00,27.46728,-80.30193,,,,VR2,7205,,,,,,Y,2011-01-25T00:00:00,27.46728,-80.30193,Y,2011-01-25T00:00:00,,,,,,,,
TEQ,DOCK,2011-01-25T00:00:00,27.46728,-80.30193,,,,VR2,7205,,,,,,Y,2011-03-23T00:00:00,27.46728,-80.30193,Y,2011-03-23T00:00:00,,,,,,,,
TEQ,DOCK,2011-03-23T00:00:00,27.46728,-80.30193,,,,VR2W,107819,,,,,,Y,2011-06-01T00:00:00,27.46728,-80.30193,Y,2011-06-01T00:00:00,,,,,,,,
TEQ,DOCK,2011-06-01T00:00:00,27.46728,-80.30193,,,,VR2W,107819,,,,,,Y,2011-07-19T00:00:00,27.46728,-80.30193,Y,2011-07-19T00:00:00,,,,,,,,
TEQ,DOCK,2011-07-19T00:00:00,27.46728,-80.30193,,,,VR2W,107819,,,,,,Y,2011-11-17T00:00:00,27.46728,-80.30193,Y,2011-11-17T00:00:00,,,,,,,,
TEQ,EVCA,2009-12-14T00:00:00,27.15572,-80.05632,,,,VR2W,104791,,,,,,Y,2010-02-24T00:00:00,27.15572,-80.05632,Y,2010-02-24T00:00:00,,,,,,,,
TEQ,EVCA,2010-02-24T00:00:00,27.15572,-80.05632,,,,VR2W,101926,,,,,,Y,2010-05-04T00:00:00,27.15572,-80.05632,Y,2010-05-04T00:00:00,,,,,,,,
TEQ,EVCA,2010-05-04T00:00:00,27.15572,-80.05632,,,,VR2W,104532,,,,,,Y,2010-08-06T00:00:00,27.15572,-80.05632,Y,2010-08-06T00:00:00,,,,,,,,
TEQ,EVCA,2010-08-06T00:00:00,27.15572,-80.05632,,,,VR2W,104531,,,,,,Y,2010-10-14T00:00:00,27.15572,-80.05632,Y,2010-10-14T00:00:00,,,,,,,,
TEQ,EVCA,2010-10-14T00:00:00,27.15572,-80.05632,,,,VR2W,104790,,,,,,Y,2011-03-18T00:00:00,27.15572,-80.05632,Y,2011-03-18T00:00:00,,,,,,,,
TEQ,EVCA,2011-03-18T00:00:00,27.15572,-80.05632,,,,VR2W,104797,,,,,,Y,2011-05-16T00:00:00,27.15572,-80.05632,Y,2011-05-16T00:00:00,,,,,,,,
TEQ,EVCA,2011-05-16T00:00:00,27.15572,-80.05632,,,,VR2W,104793,,,,,,Y,2011-07-12T00:00:00,27.15572,-80.05632,Y,2011-07-12T00:00:00,,,,,,,,
TEQ,EVCA,2011-07-12T00:00:00,27.15572,-80.05632,,,,VR2W,108011,,,,,,Y,2012-01-10T00:00:00,27.15572,-80.05632,Y,2012-01-10T00:00:00,,,,,,,,
TEQ,FICB,2010-12-23T00:00:00,26.95258,-80.07876,,,,VR2,7866,,,,,,Y,2011-11-15T00:00:00,26.95258,-80.07876,Y,2011-11-15T00:00:00,,,,,,,,
TEQ,FIIW,2010-12-23T00:00:00,26.95612,-80.07921,,,,VR2W,103222,,,,,,Y,2011-11-15T00:00:00,26.95612,-80.07921,Y,2011-11-15T00:00:00,,,,,,,,
TEQ,FILG,2010-12-22T00:00:00,26.94733,-80.08548,,,,VR2W,105592,,,,,,Y,2011-11-15T00:00:00,26.94733,-80.08548,Y,2011-11-15T00:00:00,,,,,,,,
TEQ,FISI,2010-12-23T00:00:00,26.94390,-80.07438,,,,VR2W,103219,,,,,,Y,2011-11-15T00:00:00,26.94390,-80.07438,Y,2011-11-15T00:00:00,,,,,,,,
TEQ,FISW,2009-06-09T00:00:00,26.94490,-80.07820,,,,VR2W,103220,,,,,,Y,2010-12-23T00:00:00,26.94490,-80.07820,Y,2010-12-23T00:00:00,,,,,,,,
TEQ,FPCC,2009-10-14T00:00:00,27.44612,-80.17043,,,,VR2W,105575,,,,,,Y,2010-02-15T00:00:00,27.44612,-80.17043,Y,2010-02-15T00:00:00,,,,,,,,
TEQ,fpcc,2010-02-15T00:00:00,27.44612,-80.17043,,,,VR2,6879,,,,,,Y,2010-04-23T00:00:00,27.44612,-80.17043,Y,2010-04-23T00:00:00,,,,,,,,
TEQ,FPCC,2010-04-23T00:00:00,27.44612,-80.17043,,,,VR2W,104533,,,,,,Y,2010-06-17T00:00:00,27.44612,-80.17043,Y,2010-06-17T00:00:00,,,,,,,,
TEQ,FPCC,2010-06-17T00:00:00,27.44612,-80.17043,,,,VR2W,104789,,,,,,Y,2010-08-26T00:00:00,27.44612,-80.17043,Y,2010-08-26T00:00:00,,,,,,,,
TEQ,FPCC,2010-08-26T00:00:00,27.44612,-80.17043,,,,VR2W,106494,,,,,,Y,2010-10-19T00:00:00,27.44612,-80.17043,Y,2010-10-19T00:00:00,,,,,,,,
TEQ,FPCC,2010-10-19T00:00:00,27.44612,-80.17043,,,,VR2,7199,,,,,,Y,2011-03-15T00:00:00,27.44612,-80.17043,Y,2011-03-15T00:00:00,,,,,,,,
TEQ,FPCC,2011-03-15T00:00:00,27.44612,-80.17043,,,,VR2,6881,,,,,,Y,2011-06-13T00:00:00,27.44612,-80.17043,Y,2011-06-13T00:00:00,,,,,,,,
TEQ,FPCC,2011-06-13T00:00:00,27.44612,-80.17043,,,,VR2W,103638,,,,,,Y,2011-08-03T00:00:00,27.44612,-80.17043,Y,2011-08-03T00:00:00,,,,,,,,
TEQ,FPIN,2010-02-15T00:00:00,27.47152,-80.29607,,,,VR2W,106491,,,,,,Y,2010-04-23T00:00:00,27.47152,-80.29607,Y,2010-04-23T00:00:00,,,,,,,,
TEQ,FPIN,2010-04-23T00:00:00,27.47152,-80.29607,,,,VR2W,106491,,,,,,Y,2010-06-10T00:00:00,27.47152,-80.29607,Y,2010-06-10T00:00:00,,,,,,,,
TEQ,FPIN,2010-06-10T00:00:00,27.47152,-80.29607,,,,VR2W,106491,,,,,,Y,2010-08-26T00:00:00,27.47152,-80.29607,Y,2010-08-26T00:00:00,,,,,,,,
TEQ,FPIN,2010-08-26T00:00:00,27.47152,-80.29607,,,,VR2W,106491,,,,,,Y,2010-10-15T00:00:00,27.47152,-80.29607,Y,2010-10-15T00:00:00,,,,,,,,
TEQ,FPIN,2010-10-15T00:00:00,27.47152,-80.29607,,,,VR2W,106491,,,,,,Y,2011-01-25T00:00:00,27.47152,-80.29607,Y,2011-01-25T00:00:00,,,,,,,,
TEQ,FPIN,2011-01-25T00:00:00,27.47152,-80.29607,,,,VR2W,106491,,,,,,Y,2011-03-23T00:00:00,27.47152,-80.29607,Y,2011-03-23T00:00:00,,,,,,,,
TEQ,FPIN,2011-03-23T00:00:00,27.47152,-80.29607,,,,VR2W,106491,,,,,,Y,2011-06-01T00:00:00,27.47152,-80.29607,Y,2011-06-01T00:00:00,,,,,,,,
TEQ,FPIN,2011-06-01T00:00:00,27.47152,-80.29607,,,,VR2W,106491,,,,,,Y,2011-07-19T00:00:00,27.47152,-80.29607,Y,2011-07-19T00:00:00,,,,,,,,
TEQ,FPIN,2011-07-19T00:00:00,27.47152,-80.29607,,,,VR2W,106491,,,,,,Y,2011-11-17T00:00:00,27.47152,-80.29607,Y,2011-11-17T00:00:00,,,,,,,,
TEQ,FPIS,2010-02-15T00:00:00,27.46990,-80.29570,,,,VR2W,106492,,,,,,Y,2010-04-23T00:00:00,27.46990,-80.29570,Y,2010-04-23T00:00:00,,,,,,,,
TEQ,FPIS,2010-04-23T00:00:00,27.46990,-80.29570,,,,VR2W,106492,,,,,,Y,2010-06-10T00:00:00,27.46990,-80.29570,Y,2010-06-10T00:00:00,,,,,,,,
TEQ,FPIS,2010-06-10T00:00:00,27.46990,-80.29570,,,,VR2W,106492,,,,,,Y,2010-08-26T00:00:00,27.46990,-80.29570,Y,2010-08-26T00:00:00,,,,,,,,
TEQ,FPIS,2010-08-26T00:00:00,27.46990,-80.29570,,,,VR2W,106492,,,,,,Y,2010-10-15T00:00:00,27.46990,-80.29570,Y,2010-10-15T00:00:00,,,,,,,,
TEQ,FPIS,2010-10-15T00:00:00,27.46990,-80.29570,,,,VR2W,106492,,,,,,Y,2011-01-25T00:00:00,27.46990,-80.29570,Y,2011-01-25T00:00:00,,,,,,,,
TEQ,FPIS,2011-01-25T00:00:00,27.46990,-80.29570,,,,VR2W,106492,,,,,,Y,2011-03-23T00:00:00,27.46990,-80.29570,Y,2011-03-23T00:00:00,,,,,,,,
TEQ,FPIS,2011-03-23T00:00:00,27.46990,-80.29570,,,,VR2W,106492,,,,,,Y,2011-06-01T00:00:00,27.46990,-80.29570,Y,2011-06-01T00:00:00,,,,,,,,
TEQ,FPIS,2011-06-01T00:00:00,27.46990,-80.29570,,,,VR2W,106492,,,,,,Y,2011-07-19T00:00:00,27.46990,-80.29570,Y,2011-07-19T00:00:00,,,,,,,,
TEQ,FPIS,2011-07-19T00:00:00,27.46990,-80.29570,,,,VR2W,106492,,,,,,Y,2011-11-17T00:00:00,27.46990,-80.29570,Y,2011-11-17T00:00:00,,,,,,,,
TEQ,FPLR,2009-10-14T00:00:00,27.44485,-80.17218,,,,VR2,7204,,,,,,Y,2010-02-15T00:00:00,27.44485,-80.17218,Y,2010-02-15T00:00:00,,,,,,,,
TEQ,FPLR,2010-02-15T00:00:00,27.44485,-80.17218,,,,VR2W,104793,,,,,,Y,2010-04-23T00:00:00,27.44485,-80.17218,Y,2010-04-23T00:00:00,,,,,,,,
TEQ,FPLR,2010-04-23T00:00:00,27.44485,-80.17218,,,,VR2W,104534,,,,,,Y,2010-06-17T00:00:00,27.44485,-80.17218,Y,2010-06-17T00:00:00,,,,,,,,
TEQ,FPLR,2010-06-17T00:00:00,27.44485,-80.17218,,,,VR2W,106494,,,,,,Y,2010-08-26T00:00:00,27.44485,-80.17218,Y,2010-08-26T00:00:00,,,,,,,,
TEQ,FPLR,2010-08-26T00:00:00,27.44485,-80.17218,,,,VR2W,106493,,,,,,Y,2010-10-19T00:00:00,27.44485,-80.17218,Y,2010-10-19T00:00:00,,,,,,,,
TEQ,FPLR,2010-10-19T00:00:00,27.44485,-80.17218,,,,VR2W,104791,,,,,,Y,2011-03-15T00:00:00,27.44485,-80.17218,Y,2011-03-15T00:00:00,,,,,,,,
TEQ,FPLR,2011-03-15T00:00:00,27.44485,-80.17218,,,,VR2,7199,,,,,,Y,2011-06-13T00:00:00,27.44485,-80.17218,Y,2011-06-13T00:00:00,,,,,,,,
TEQ,FPLR,2011-06-13T00:00:00,27.44485,-80.17218,,,,VR2W,102468,,,,,,Y,2011-08-03T00:00:00,27.44485,-80.17218,Y,2011-08-03T00:00:00,,,,,,,,
TEQ,FPTC,2009-12-07T00:00:00,27.46618,-80.32912,,,,VR2W,101264,,,,,,Y,2010-02-15T00:00:00,27.46618,-80.32912,Y,2010-02-15T00:00:00,,,,,,,,
TEQ,FPTC,2010-02-15T00:00:00,27.46618,-80.32912,,,,VR2W,101264,,,,,,Y,2010-04-23T00:00:00,27.46618,-80.32912,Y,2010-04-23T00:00:00,,,,,,,,
TEQ,FPTC,2010-04-23T00:00:00,27.46618,-80.32912,,,,VR2,6879,,,,,,Y,2010-06-10T00:00:00,27.46618,-80.32912,Y,2010-06-10T00:00:00,,,,,,,,
TEQ,FPTC,2010-06-10T00:00:00,27.46618,-80.32912,,,,VR2,6879,,,,,,Y,2010-08-26T00:00:00,27.46618,-80.32912,Y,2010-08-26T00:00:00,,,,,,,,
TEQ,FPTC,2010-08-26T00:00:00,27.46618,-80.32912,,,,VR2,6879,,,,,,Y,2010-10-15T00:00:00,27.46618,-80.32912,Y,2010-10-15T00:00:00,,,,,,,,
TEQ,FPTC,2010-10-15T00:00:00,27.46618,-80.32912,,,,VR2,6879,,,,,,Y,2011-01-25T00:00:00,27.46618,-80.32912,Y,2011-01-25T00:00:00,,,,,,,,
TEQ,FPTC,2011-01-25T00:00:00,27.46618,-80.32912,,,,VR2,6879,,,,,,Y,2011-03-23T00:00:00,27.46618,-80.32912,Y,2011-03-23T00:00:00,,,,,,,,
TEQ,FPTC,2011-03-23T00:00:00,27.46618,-80.32912,,,,VR2W,107817,,,,,,Y,2011-06-01T00:00:00,27.46618,-80.32912,Y,2011-06-01T00:00:00,,,,,,,,
TEQ,FPTC,2011-06-01T00:00:00,27.46618,-80.32912,,,,VR2W,107817,,,,,,Y,2011-07-19T00:00:00,27.46618,-80.32912,Y,2011-07-19T00:00:00,,,,,,,,
TEQ,FPTC,2011-07-19T00:00:00,27.46618,-80.32912,,,,VR2W,107817,,,,,,Y,2011-11-17T00:00:00,27.46618,-80.32912,Y,2011-11-17T00:00:00,,,,,,,,
TEQ,GGHE,2010-03-15T00:00:00,27.18133,-80.19238,,,,VR2W,106497,,,,,,Y,2010-04-28T00:00:00,27.18133,-80.19238,Y,2010-04-28T00:00:00,,,,,,,,
TEQ,GGHE,2010-04-28T00:00:00,27.18133,-80.19238,,,,VR2W,106497,,,,,,Y,2010-06-25T00:00:00,27.18133,-80.19238,Y,2010-06-25T00:00:00,,,,,,,,
TEQ,GGHE,2010-06-25T00:00:00,27.18133,-80.19238,,,,VR2W,106497,,,,,,Y,2010-08-24T00:00:00,27.18133,-80.19238,Y,2010-08-24T00:00:00,,,,,,,,
TEQ,GGHE,2010-08-24T00:00:00,27.18133,-80.19238,,,,VR2W,106497,,,,,,Y,2010-10-19T00:00:00,27.18133,-80.19238,Y,2010-10-19T00:00:00,,,,,,,,
TEQ,GGHE,2010-10-19T00:00:00,27.18133,-80.19238,,,,VR2W,106497,,,,,,Y,2010-12-22T00:00:00,27.18133,-80.19238,Y,2010-12-22T00:00:00,,,,,,,,
TEQ,GGHE,2010-12-22T00:00:00,27.18133,-80.19238,,,,VR2W,106497,,,,,,Y,2011-03-08T00:00:00,27.18133,-80.19238,Y,2011-03-08T00:00:00,,,,,,,,
TEQ,GGHE,2011-03-08T00:00:00,27.18133,-80.19238,,,,VR2W,106497,,,,,,Y,2011-05-04T00:00:00,27.18133,-80.19238,Y,2011-05-04T00:00:00,,,,,,,,
TEQ,GGHE,2011-05-04T00:00:00,27.18133,-80.19238,,,,VR2W,106497,,,,,,Y,2011-09-12T00:00:00,27.18133,-80.19238,Y,2011-09-12T00:00:00,,,,,,,,
TEQ,GGHE,2011-09-12T00:00:00,27.18133,-80.19238,,,,VR2W,106497,,,,,,Y,2011-11-25T00:00:00,27.18133,-80.19238,Y,2011-11-25T00:00:00,,,,,,,,
TEQ,GGHW,2010-04-02T00:00:00,27.17820,-80.19686,,,,VR2W,106498,,,,,,Y,2010-04-28T00:00:00,27.17820,-80.19686,Y,2010-04-28T00:00:00,,,,,,,,
TEQ,GGHW,2010-04-28T00:00:00,27.17820,-80.19686,,,,VR2W,106498,,,,,,Y,2010-06-25T00:00:00,27.17820,-80.19686,Y,2010-06-25T00:00:00,,,,,,,,
TEQ,GGHW,2010-06-25T00:00:00,27.17820,-80.19686,,,,VR2W,106498,,,,,,Y,2010-08-04T00:00:00,27.17820,-80.19686,Y,2010-08-04T00:00:00,,,,,,,,
TEQ,GGHW,2010-08-04T00:00:00,27.17820,-80.19686,,,,VR2W,106498,,,,,,Y,2010-10-19T00:00:00,27.17820,-80.19686,Y,2010-10-19T00:00:00,,,,,,,,
TEQ,GGHW,2010-10-19T00:00:00,27.17820,-80.19686,,,,VR2W,106498,,,,,,Y,2010-12-22T00:00:00,27.17820,-80.19686,Y,2010-12-22T00:00:00,,,,,,,,
TEQ,GGHW,2010-12-22T00:00:00,27.17820,-80.19686,,,,VR2W,106498,,,,,,Y,2011-03-08T00:00:00,27.17820,-80.19686,Y,2011-03-08T00:00:00,,,,,,,,
TEQ,GGHW,2011-03-08T00:00:00,27.17820,-80.19686,,,,VR2W,106498,,,,,,Y,2011-05-04T00:00:00,27.17820,-80.19686,Y,2011-05-04T00:00:00,,,,,,,,
TEQ,GGHW,2011-05-04T00:00:00,27.17820,-80.19686,,,,VR2W,106498,,,,,,Y,2011-09-12T00:00:00,27.17820,-80.19686,Y,2011-09-12T00:00:00,,,,,,,,
TEQ,GGHW,2011-09-12T00:00:00,27.17820,-80.19686,,,,VR2W,103640,,,,,,Y,2011-11-25T00:00:00,27.17820,-80.19686,Y,2011-11-25T00:00:00,,,,,,,,
TEQ,GGPV,2009-12-10T00:00:00,27.32360,-80.33070,,,,VR2W,104795,,,,,,Y,2010-02-12T00:00:00,27.32360,-80.33070,Y,2010-02-12T00:00:00,,,,,,,,
TEQ,GGPV,2010-02-12T00:00:00,27.32360,-80.33070,,,,VR2W,104795,,,,,,Y,2010-04-02T00:00:00,27.32360,-80.33070,Y,2010-04-02T00:00:00,,,,,,,,
TEQ,GGPV,2010-04-02T00:00:00,27.32360,-80.33070,,,,VR2W,104795,,,,,,Y,2010-06-09T00:00:00,27.32360,-80.33070,Y,2010-06-09T00:00:00,,,,,,,,
TEQ,GGPV,2010-06-09T00:00:00,27.32360,-80.33070,,,,VR2W,104795,,,,,,Y,2010-08-06T00:00:00,27.32360,-80.33070,Y,2010-08-06T00:00:00,,,,,,,,
TEQ,GGPV,2010-08-06T00:00:00,27.32360,-80.33070,,,,VR2W,104795,,,,,,Y,2010-10-08T00:00:00,27.32360,-80.33070,Y,2010-10-08T00:00:00,,,,,,,,
TEQ,GGPV,2010-10-08T00:00:00,27.32360,-80.33070,,,,VR2W,104795,,,,,,Y,2011-01-18T00:00:00,27.32360,-80.33070,Y,2011-01-18T00:00:00,,,,,,,,
TEQ,GGPV,2011-01-18T00:00:00,27.32360,-80.33070,,,,VR2W,104789,,,,,,Y,2011-03-22T00:00:00,27.32360,-80.33070,Y,2011-03-22T00:00:00,,,,,,,,
TEQ,GGPV,2011-03-22T00:00:00,27.32360,-80.33070,,,,VR2W,104789,,,,,,Y,2011-06-01T00:00:00,27.32360,-80.33070,Y,2011-06-01T00:00:00,,,,,,,,
TEQ,GGPV,2011-06-01T00:00:00,27.32360,-80.33070,,,,VR2W,104789,,,,,,Y,2011-09-20T00:00:00,27.32360,-80.33070,Y,2011-09-20T00:00:00,,,,,,,,
TEQ,GGPV,2011-09-20T00:00:00,27.32360,-80.33070,,,,VR2W,104789,,,,,,Y,2011-11-08T00:00:00,27.32360,-80.33070,Y,2011-11-08T00:00:00,,,,,,,,
TEQ,GNWR,2009-12-10T00:00:00,27.01383018,-80.08561707,,,,VR2W,101265,,,,,,Y,2010-02-23T00:00:00,27.01383018,-80.08561707,Y,2010-02-23T00:00:00,,,,,,,,
TEQ,GNWR,2010-02-23T00:00:00,27.01383018,-80.08561707,,,,VR2W,106496,,,,,,Y,2010-04-22T00:00:00,27.01383018,-80.08561707,Y,2010-04-22T00:00:00,,,,,,,,
TEQ,GNWR,2010-04-22T00:00:00,27.01383018,-80.08561707,,,,VR2W,101265,,,,,,Y,2010-06-28T00:00:00,27.01383018,-80.08561707,Y,2010-06-28T00:00:00,,,,,,,,
TEQ,GNWR,2010-06-28T00:00:00,27.01383018,-80.08561707,,,,VR2W,104534,,,,,,Y,2010-08-02T00:00:00,27.01383018,-80.08561707,Y,2010-08-02T00:00:00,,,,,,,,
TEQ,GNWR,2010-08-02T00:00:00,27.01383018,-80.08561707,,,,VR2W,101264,,,,,,Y,2010-10-12T00:00:00,27.01383018,-80.08561707,Y,2010-10-12T00:00:00,,,,,,,,
TEQ,GNWR,2010-10-12T00:00:00,27.01383018,-80.08561707,,,,VR2,7207,,,,,,Y,2011-02-02T00:00:00,27.01383018,-80.08561707,Y,2011-02-02T00:00:00,,,,,,,,
TEQ,GNWR,2011-02-02T00:00:00,27.01383018,-80.08561707,,,,VR2W,105574,,,,,,Y,2011-05-09T00:00:00,27.01383018,-80.08561707,Y,2011-05-09T00:00:00,,,,,,,,
TEQ,GNWR,2011-05-09T00:00:00,27.01383018,-80.08561707,,,,VR2W,107892,,,,,,Y,2011-07-11T00:00:00,27.01383018,-80.08561707,Y,2011-07-11T00:00:00,,,,,,,,
TEQ,GNWR,2011-07-11T00:00:00,27.01383018,-80.08561707,,,,VR2W,101264,,,,,,Y,2012-01-09T00:00:00,27.01383018,-80.08561707,Y,2012-01-09T00:00:00,,,,,,,,
TEQ,HIPE,2009-10-14T00:00:00,27.35153,-80.26402,,,,VR2W,101267,,,,,,Y,2010-02-02T00:00:00,27.35153,-80.26402,Y,2010-02-02T00:00:00,,,,,,,,
TEQ,HIPE,2010-02-02T00:00:00,27.35153,-80.26402,,,,VR2W,101267,,,,,,Y,2010-04-13T00:00:00,27.35153,-80.26402,Y,2010-04-13T00:00:00,,,,,,,,
TEQ,HIPE,2010-04-13T00:00:00,27.35153,-80.26402,,,,VR2W,101267,,,,,,Y,2010-06-22T00:00:00,27.35153,-80.26402,Y,2010-06-22T00:00:00,,,,,,,,
TEQ,HIPE,2010-06-22T00:00:00,27.35153,-80.26402,,,,VR2W,104533,,,,,,Y,2010-08-27T00:00:00,27.35153,-80.26402,Y,2010-08-27T00:00:00,,,,,,,,
TEQ,HIPE,2010-08-27T00:00:00,27.35153,-80.26402,,,,VR2W,104533,,,,,,Y,2010-10-28T00:00:00,27.35153,-80.26402,Y,2010-10-28T00:00:00,,,,,,,,
TEQ,HIPE,2010-10-28T00:00:00,27.35153,-80.26402,,,,VR2W,104533,,,,,,Y,2011-01-27T00:00:00,27.35153,-80.26402,Y,2011-01-27T00:00:00,,,,,,,,
TEQ,HIPE,2011-01-27T00:00:00,27.35153,-80.26402,,,,VR2W,104533,,,,,,Y,2011-03-23T00:00:00,27.35153,-80.26402,Y,2011-03-23T00:00:00,,,,,,,,
TEQ,HIPE,2011-03-23T00:00:00,27.35153,-80.26402,,,,VR2W,104533,,,,,,Y,2011-06-01T00:00:00,27.35153,-80.26402,Y,2011-06-01T00:00:00,,,,,,,,
TEQ,HIPE,2011-06-01T00:00:00,27.35153,-80.26402,,,,VR2W,106499,,,,,,Y,2011-07-19T00:00:00,27.35153,-80.26402,Y,2011-07-19T00:00:00,,,,,,,,
TEQ,HIPE,2011-07-19T00:00:00,27.35153,-80.26402,,,,VR2W,106499,,,,,,Y,2011-11-17T00:00:00,27.35153,-80.26402,Y,2011-11-17T00:00:00,,,,,,,,
TEQ,HIPW,2009-10-14T00:00:00,27.34722,-80.27333,,,,VR2,6890,,,,,,Y,2010-02-02T00:00:00,27.34722,-80.27333,Y,2010-02-02T00:00:00,,,,,,,,
TEQ,HIPW,2010-02-02T00:00:00,27.34722,-80.27333,,,,VR2,6890,,,,,,Y,2010-04-13T00:00:00,27.34722,-80.27333,Y,2010-04-13T00:00:00,,,,,,,,
TEQ,HIPW,2010-04-13T00:00:00,27.34722,-80.27333,,,,VR2,6890,,,,,,Y,2010-06-22T00:00:00,27.34722,-80.27333,Y,2010-06-22T00:00:00,,,,,,,,
TEQ,HIPW,2010-06-22T00:00:00,27.34722,-80.27333,,,,VR2,6890,,,,,,Y,2010-08-27T00:00:00,27.34722,-80.27333,Y,2010-08-27T00:00:00,,,,,,,,
TEQ,HIPW,2010-08-27T00:00:00,27.34722,-80.27333,,,,VR2,6890,,,,,,Y,2010-10-28T00:00:00,27.34722,-80.27333,Y,2010-10-28T00:00:00,,,,,,,,
TEQ,HIPW,2010-10-28T00:00:00,27.34722,-80.27333,,,,VR2,6890,,,,,,Y,2011-01-27T00:00:00,27.34722,-80.27333,Y,2011-01-27T00:00:00,,,,,,,,
TEQ,HIPW,2011-01-27T00:00:00,27.34722,-80.27333,,,,VR2,6890,,,,,,Y,2011-03-23T00:00:00,27.34722,-80.27333,Y,2011-03-23T00:00:00,,,,,,,,
TEQ,HIPW,2011-03-23T00:00:00,27.34722,-80.27333,,,,VR2W,107818,,,,,,Y,2011-06-01T00:00:00,27.34722,-80.27333,Y,2011-06-01T00:00:00,,,,,,,,
TEQ,HIPW,2011-06-01T00:00:00,27.34722,-80.27333,,,,VR2W,107818,,,,,,Y,2011-07-19T00:00:00,27.34722,-80.27333,Y,2011-07-19T00:00:00,,,,,,,,
TEQ,HIPW,2011-07-19T00:00:00,27.34722,-80.27333,,,,VR2W,107818,,,,,,Y,2011-11-17T00:00:00,27.34722,-80.27333,Y,2011-11-17T00:00:00,,,,,,,,
TEQ,HITW,2009-10-08T00:00:00,27.16370,-80.16846,,,,VR2W,104794,,,,,,Y,2010-01-21T00:00:00,27.16370,-80.16846,Y,2010-01-21T00:00:00,,,,,,,,
TEQ,HITW,2010-01-21T00:00:00,27.16370,-80.16846,,,,VR2W,104794,,,,,,Y,2010-04-28T00:00:00,27.16370,-80.16846,Y,2010-04-28T00:00:00,,,,,,,,
TEQ,HITW,2010-04-28T00:00:00,27.16370,-80.16846,,,,VR2W,104794,,,,,,Y,2010-06-15T00:00:00,27.16370,-80.16846,Y,2010-06-15T00:00:00,,,,,,,,
TEQ,HITW,2010-06-25T00:00:00,27.16370,-80.16846,,,,VR2W,104794,,,,,,Y,2010-08-24T00:00:00,27.16370,-80.16846,Y,2010-08-24T00:00:00,,,,,,,,
TEQ,HITW,2010-08-24T00:00:00,27.16370,-80.16846,,,,VR2W,104794,,,,,,Y,2010-10-22T00:00:00,27.16370,-80.16846,Y,2010-10-22T00:00:00,,,,,,,,
TEQ,HITW,2010-10-22T00:00:00,27.16370,-80.16846,,,,VR2W,104794,,,,,,Y,2011-02-18T00:00:00,27.16370,-80.16846,Y,2011-02-18T00:00:00,,,,,,,,
TEQ,HITW,2011-02-18T00:00:00,27.16370,-80.16846,,,,VR2W,101926,,,,,,Y,2011-05-04T00:00:00,27.16370,-80.16846,Y,2011-05-04T00:00:00,,,,,,,,
TEQ,HITW,2011-05-04T00:00:00,27.16370,-80.16846,,,,VR2W,101926,,,,,,Y,2011-09-12T00:00:00,27.16370,-80.16846,Y,2011-09-12T00:00:00,,,,,,,,
TEQ,HITW,2011-09-12T00:00:00,27.16370,-80.16846,,,,VR2W,108059,,,,,,Y,2011-11-25T00:00:00,27.16370,-80.16846,Y,2011-11-25T00:00:00,,,,,,,,
TEQ,HOBE,2009-12-07T00:00:00,27.05532,-80.12105,,,,VR2W,104535,,,,,,Y,2010-02-09T00:00:00,27.05532,-80.12105,Y,2010-02-09T00:00:00,,,,,,,,
TEQ,HOBE,2010-02-09T00:00:00,27.05532,-80.12105,,,,VR2W,104535,,,,,,Y,2010-04-02T00:00:00,27.05532,-80.12105,Y,2010-04-02T00:00:00,,,,,,,,
TEQ,HOBE,2010-04-02T00:00:00,27.05532,-80.12105,,,,VR2W,104535,,,,,,Y,2010-06-07T00:00:00,27.05532,-80.12105,Y,2010-06-07T00:00:00,,,,,,,,
TEQ,HOBE,2010-06-07T00:00:00,27.05532,-80.12105,,,,VR2W,104535,,,,,,Y,2010-09-01T00:00:00,27.05532,-80.12105,Y,2010-09-01T00:00:00,,,,,,,,
TEQ,HOBE,2010-09-01T00:00:00,27.05532,-80.12105,,,,VR2W,104535,,,,,,Y,2010-11-16T00:00:00,27.05532,-80.12105,Y,2010-11-16T00:00:00,,,,,,,,
TEQ,HOBE,2010-11-16T00:00:00,27.05532,-80.12105,,,,VR2W,104535,,,,,,Y,2011-01-28T00:00:00,27.05532,-80.12105,Y,2011-01-28T00:00:00,,,,,,,,
TEQ,HOBE,2011-01-28T00:00:00,27.05532,-80.12105,,,,VR2W,104535,,,,,,Y,2011-04-11T00:00:00,27.05532,-80.12105,Y,2011-04-11T00:00:00,,,,,,,,
TEQ,HOBE,2011-04-11T00:00:00,27.05532,-80.12105,,,,VR2W,104535,,,,,,Y,2011-06-01T00:00:00,27.05532,-80.12105,Y,2011-06-01T00:00:00,,,,,,,,
TEQ,HOBE,2011-06-01T00:00:00,27.05532,-80.12105,,,,VR2W,104535,,,,,,Y,2011-10-27T00:00:00,27.05532,-80.12105,Y,2011-10-27T00:00:00,,,,,,,,
TEQ,HORF,2010-05-06T00:00:00,27.19923,-80.16336,,,,VR2W,103638,,,,,,Y,2010-06-16T00:00:00,27.19923,-80.16336,Y,2010-06-16T00:00:00,,,,,,,,
TEQ,HORF,2010-06-16T00:00:00,27.19923,-80.16336,,,,VR2W,103638,,,,,,Y,2010-08-13T00:00:00,27.19923,-80.16336,Y,2010-08-13T00:00:00,,,,,,,,
TEQ,HORF,2010-08-13T00:00:00,27.19923,-80.16336,,,,VR2W,103638,,,,,,Y,2010-10-14T00:00:00,27.19923,-80.16336,Y,2010-10-14T00:00:00,,,,,,,,
TEQ,HORF,2010-10-14T00:00:00,27.19923,-80.16336,,,,VR2W,103638,,,,,,Y,2011-05-19T00:00:00,27.19923,-80.16336,Y,2011-05-19T00:00:00,,,,,,,,
TEQ,HORF,2011-05-19T00:00:00,27.19923,-80.16336,,,,VR2W,107564,,,,,,Y,2011-07-26T00:00:00,27.19923,-80.16336,Y,2011-07-26T00:00:00,,,,,,,,
TEQ,HPSF,2009-12-08T00:00:00,27.11398,-80.25721,,,,VR2,5320,,,,,,Y,2010-02-09T00:00:00,27.11398,-80.25721,Y,2010-02-09T00:00:00,,,,,,,,
TEQ,HPSF,2010-02-09T00:00:00,27.11398,-80.25721,,,,VR2,5320,,,,,,Y,2010-04-08T00:00:00,27.11398,-80.25721,Y,2010-04-08T00:00:00,,,,,,,,
TEQ,HPSF,2010-04-08T00:00:00,27.11398,-80.25721,,,,VR2,5320,,,,,,Y,2010-06-07T00:00:00,27.11398,-80.25721,Y,2010-06-07T00:00:00,,,,,,,,
TEQ,HPSF,2010-06-07T00:00:00,27.11398,-80.25721,,,,VR2,5320,,,,,,Y,2010-08-31T00:00:00,27.11398,-80.25721,Y,2010-08-31T00:00:00,,,,,,,,
TEQ,HPSF,2010-08-31T00:00:00,27.11398,-80.25721,,,,VR2,5320,,,,,,Y,2010-10-07T00:00:00,27.11398,-80.25721,Y,2010-10-07T00:00:00,,,,,,,,
TEQ,HPSF,2010-10-07T00:00:00,27.11398,-80.25721,,,,VR2,5320,,,,,,Y,2011-01-11T00:00:00,27.11398,-80.25721,Y,2011-01-11T00:00:00,,,,,,,,
TEQ,HPSF,2011-01-11T00:00:00,27.11398,-80.25721,,,,VR2,5320,,,,,,Y,2011-03-16T00:00:00,27.11398,-80.25721,Y,2011-03-16T00:00:00,,,,,,,,
TEQ,HPSF,2011-04-04T00:00:00,27.11398,-80.25721,,,,VR2W,107781,,,,,,Y,2011-05-31T00:00:00,27.11398,-80.25721,Y,2011-05-31T00:00:00,,,,,,,,
TEQ,HPSF,2011-05-31T00:00:00,27.11398,-80.25721,,,,VR2W,107781,,,,,,Y,2011-07-19T00:00:00,27.11398,-80.25721,Y,2011-07-19T00:00:00,,,,,,,,
TEQ,HPSF,2011-07-19T00:00:00,27.11398,-80.25721,,,,VR2W,106489,,,,,,Y,2011-10-14T00:00:00,27.11398,-80.25721,Y,2011-10-14T00:00:00,,,,,,,,
TEQ,JUNO,2009-10-13T00:00:00,26.89952,-80.01700,,,,VR2,7200,,,,,,Y,2010-03-01T00:00:00,26.89952,-80.01700,Y,2010-03-01T00:00:00,,,,,,,,
TEQ,JUNO,2010-03-01T00:00:00,26.89952,-80.01700,,,,VR2W,105573,,,,,,Y,2010-04-27T00:00:00,26.89952,-80.01700,Y,2010-04-27T00:00:00,,,,,,,,
TEQ,MIBA,2009-12-10T00:00:00,27.04505,-80.04327,,,,VR2W,104533,,,,,,Y,2010-02-23T00:00:00,27.04505,-80.04327,Y,2010-02-23T00:00:00,,,,,,,,
TEQ,MIBA,2010-02-23T00:00:00,27.04505,-80.04327,,,,VR2W,104534,,,,,,Y,2010-04-22T00:00:00,27.04505,-80.04327,Y,2010-04-22T00:00:00,,,,,,,,
TEQ,MIBA,2010-04-22T00:00:00,27.04505,-80.04327,,,,VR2W,104797,,,,,,Y,2010-07-30T00:00:00,27.04505,-80.04327,Y,2010-07-30T00:00:00,,,,,,,,
TEQ,MIBA,2010-07-30T00:00:00,27.04505,-80.04327,,,,VR2,8186,,,,,,Y,2010-10-12T00:00:00,27.04505,-80.04327,Y,2010-10-12T00:00:00,,,,,,,,
TEQ,MIBA,2010-10-12T00:00:00,27.04505,-80.04327,,,,VR2W,101265,,,,,,Y,2011-03-14T00:00:00,27.04505,-80.04327,Y,2011-03-14T00:00:00,,,,,,,,
TEQ,MIBA,2011-03-14T00:00:00,27.04505,-80.04327,,,,VR2W,106495,,,,,,Y,2011-05-09T00:00:00,27.04505,-80.04327,Y,2011-05-09T00:00:00,,,,,,,,
TEQ,MIBA,2011-05-09T00:00:00,27.04505,-80.04327,,,,VR2W,110348,,,,,,Y,2011-07-11T00:00:00,27.04505,-80.04327,Y,2011-07-11T00:00:00,,,,,,,,
TEQ,MIBA,2011-07-11T00:00:00,27.04505,-80.04327,,,,VR2W,107889,,,,,,Y,2012-01-09T00:00:00,27.04505,-80.04327,Y,2012-01-09T00:00:00,,,,,,,,
TEQ,NESC,2010-09-10T00:00:00,27.21058,-80.18613,,,,VR2,5317,,,,,,Y,2010-10-19T00:00:00,27.21058,-80.18613,Y,2010-10-19T00:00:00,,,,,,,,
TEQ,NESC,2010-10-19T00:00:00,27.21058,-80.18613,,,,VR2,5317,,,,,,Y,2010-12-22T00:00:00,27.21058,-80.18613,Y,2010-12-22T00:00:00,,,,,,,,
TEQ,NESC,2010-12-22T00:00:00,27.21058,-80.18613,,,,VR2,5317,,,,,,Y,2011-02-18T00:00:00,27.21058,-80.18613,Y,2011-02-18T00:00:00,,,,,,,,
TEQ,NESC,2011-02-18T00:00:00,27.21058,-80.18613,,,,VR2W,110349,,,,,,Y,2011-05-04T00:00:00,27.21058,-80.18613,Y,2011-05-04T00:00:00,,,,,,,,
TEQ,NESC,2011-05-04T00:00:00,27.21058,-80.18613,,,,VR2W,110349,,,,,,Y,2011-09-12T00:00:00,27.21058,-80.18613,Y,2011-09-12T00:00:00,,,,,,,,
TEQ,NESC,2011-09-12T00:00:00,27.21058,-80.18613,,,,VR2W,110349,,,,,,Y,2011-11-08T00:00:00,27.21058,-80.18613,Y,2011-11-08T00:00:00,,,,,,,,
TEQ,NF5F,2009-12-14T00:00:00,27.24342,-80.32018,,,,VR2,5313,,,,,,Y,2010-02-12T00:00:00,27.24342,-80.32018,Y,2010-02-12T00:00:00,,,,,,,,
TEQ,NF5F,2010-02-12T00:00:00,27.24342,-80.32018,,,,VR2,5313,,,,,,Y,2010-04-02T00:00:00,27.24342,-80.32018,Y,2010-04-02T00:00:00,,,,,,,,
TEQ,NF5F,2010-04-02T00:00:00,27.24342,-80.32018,,,,VR2,5313,,,,,,Y,2010-06-09T00:00:00,27.24342,-80.32018,Y,2010-06-09T00:00:00,,,,,,,,
TEQ,NF5F,2010-06-09T00:00:00,27.24342,-80.32018,,,,VR2,5313,,,,,,Y,2010-09-01T00:00:00,27.24342,-80.32018,Y,2010-09-01T00:00:00,,,,,,,,
TEQ,NF5F,2010-09-01T00:00:00,27.24342,-80.32018,,,,VR2,5313,,,,,,Y,2010-10-08T00:00:00,27.24342,-80.32018,Y,2010-10-08T00:00:00,,,,,,,,
TEQ,NF5F,2010-10-08T00:00:00,27.24342,-80.32018,,,,VR2,5313,,,,,,Y,2011-01-18T00:00:00,27.24342,-80.32018,Y,2011-01-18T00:00:00,,,,,,,,
TEQ,NF5F,2011-01-18T00:00:00,27.24342,-80.32018,,,,VR2,5313,,,,,,Y,2011-01-27T00:00:00,27.24342,-80.32018,Y,2011-01-27T00:00:00,,,,,,,,
TEQ,NF5F,2011-01-27T00:00:00,27.24342,-80.32018,,,,VR2,5313,,,,,,Y,2011-03-22T00:00:00,27.24342,-80.32018,Y,2011-03-22T00:00:00,,,,,,,,
TEQ,NF5F,2011-03-22T00:00:00,27.24342,-80.32018,,,,VR2W,104791,,,,,,Y,2011-06-01T00:00:00,27.24342,-80.32018,Y,2011-06-01T00:00:00,,,,,,,,
TEQ,NF5F,2011-06-01T00:00:00,27.24342,-80.32018,,,,VR2W,104791,,,,,,Y,2011-09-20T00:00:00,27.24342,-80.32018,Y,2011-09-20T00:00:00,,,,,,,,
TEQ,NF5F,2011-09-20T00:00:00,27.24342,-80.32018,,,,VR2W,104791,,,,,,Y,2011-11-08T00:00:00,27.24342,-80.32018,Y,2011-11-08T00:00:00,,,,,,,,
TEQ,NFNB,2009-12-10T00:00:00,27.39435,-80.34982,,,,VR2W,104789,,,,,,Y,2010-02-12T00:00:00,27.39435,-80.34982,Y,2010-02-12T00:00:00,,,,,,,,
TEQ,NFNB,2010-02-12T00:00:00,27.39435,-80.34982,,,,VR2W,104789,,,,,,Y,2010-04-02T00:00:00,27.39435,-80.34982,Y,2010-04-02T00:00:00,,,,,,,,
TEQ,NFPL,2009-12-10T00:00:00,27.35020,-80.34522,,,,VR2,4913,,,,,,Y,2010-02-12T00:00:00,27.35020,-80.34522,Y,2010-02-12T00:00:00,,,,,,,,
TEQ,NFPL,2010-02-12T00:00:00,27.35020,-80.34522,,,,VR2,4913,,,,,,Y,2010-04-02T00:00:00,27.35020,-80.34522,Y,2010-04-02T00:00:00,,,,,,,,
TEQ,NFPL,2010-04-02T00:00:00,27.35020,-80.34522,,,,VR2,4913,,,,,,Y,2010-06-09T00:00:00,27.35020,-80.34522,Y,2010-06-09T00:00:00,,,,,,,,
TEQ,NFPL,2010-06-09T00:00:00,27.35020,-80.34522,,,,VR2,4913,,,,,,Y,2010-08-31T00:00:00,27.35020,-80.34522,Y,2010-08-31T00:00:00,,,,,,,,
TEQ,NFPL,2010-08-31T00:00:00,27.35020,-80.34522,,,,VR2,4913,,,,,,Y,2010-10-08T00:00:00,27.35020,-80.34522,Y,2010-10-08T00:00:00,,,,,,,,
TEQ,NFPL,2010-10-08T00:00:00,27.35020,-80.34522,,,,VR2,4913,,,,,,Y,2011-01-18T00:00:00,27.35020,-80.34522,Y,2011-01-18T00:00:00,,,,,,,,
TEQ,NFPL,2011-01-18T00:00:00,27.35020,-80.34522,,,,VR2W,104534,,,,,,Y,2011-03-22T00:00:00,27.35020,-80.34522,Y,2011-03-22T00:00:00,,,,,,,,
TEQ,NFPL,2011-03-22T00:00:00,27.35020,-80.34522,,,,VR2W,104534,,,,,,Y,2011-06-01T00:00:00,27.35020,-80.34522,Y,2011-06-01T00:00:00,,,,,,,,
TEQ,NFPL,2011-06-01T00:00:00,27.35020,-80.34522,,,,VR2W,104534,,,,,,Y,2011-09-20T00:00:00,27.35020,-80.34522,Y,2011-09-20T00:00:00,,,,,,,,
TEQ,NFVE,2011-09-20T00:00:00,27.27227,-80.32248,,,,VR2W,104534,,,,,,Y,2011-11-08T00:00:00,27.27227,-80.32248,Y,2011-11-08T00:00:00,,,,,,,,
TEQ,NFWC,2009-12-10T00:00:00,27.37082,-80.34390,,,,VR2W,101927,,,,,,Y,2010-02-12T00:00:00,27.37082,-80.34390,Y,2010-02-12T00:00:00,,,,,,,,
TEQ,NFWC,2010-02-12T00:00:00,27.37082,-80.34390,,,,VR2W,101927,,,,,,Y,2010-04-02T00:00:00,27.37082,-80.34390,Y,2010-04-02T00:00:00,,,,,,,,
TEQ,NFWC,2010-04-02T00:00:00,27.37082,-80.34390,,,,VR2W,101927,,,,,,Y,2010-06-09T00:00:00,27.37082,-80.34390,Y,2010-06-09T00:00:00,,,,,,,,
TEQ,NFWC,2010-06-09T00:00:00,27.37082,-80.34390,,,,VR2W,101926,,,,,,Y,2010-08-31T00:00:00,27.37082,-80.34390,Y,2010-08-31T00:00:00,,,,,,,,
TEQ,NFWC,2010-08-31T00:00:00,27.37082,-80.34390,,,,VR2W,101926,,,,,,Y,2010-10-08T00:00:00,27.37082,-80.34390,Y,2010-10-08T00:00:00,,,,,,,,
TEQ,NFWC,2010-10-08T00:00:00,27.37082,-80.34390,,,,VR2,8187,,,,,,Y,2011-01-18T00:00:00,27.37082,-80.34390,Y,2011-01-18T00:00:00,,,,,,,,
TEQ,NFWC,2011-01-18T00:00:00,27.37082,-80.34390,,,,VR2,8187,,,,,,Y,2011-03-22T00:00:00,27.37082,-80.34390,Y,2011-03-22T00:00:00,,,,,,,,
TEQ,NFWC,2011-03-22T00:00:00,27.37082,-80.34390,,,,VR2W,104790,,,,,,Y,2011-06-01T00:00:00,27.37082,-80.34390,Y,2011-06-01T00:00:00,,,,,,,,
TEQ,NFWC,2011-06-01T00:00:00,27.37082,-80.34390,,,,VR2W,107820,,,,,,Y,2011-09-20T00:00:00,27.37082,-80.34390,Y,2011-09-20T00:00:00,,,,,,,,
TEQ,NFWC,2011-09-20T00:00:00,27.37082,-80.34390,,,,VR2W,107820,,,,,,Y,2011-11-08T00:00:00,27.37082,-80.34390,Y,2011-11-08T00:00:00,,,,,,,,
TEQ,NORO,2009-12-10T00:00:00,27.00478,-80.01815,,,,VR2,8186,,,,,,Y,2010-02-23T00:00:00,27.00478,-80.01815,Y,2010-02-23T00:00:00,,,,,,,,
TEQ,NORO,2010-02-23T00:00:00,27.00478,-80.01815,,,,VR2W,104533,,,,,,Y,2010-04-22T00:00:00,27.00478,-80.01815,Y,2010-04-22T00:00:00,,,,,,,,
TEQ,NORO,2010-04-22T00:00:00,27.00478,-80.01815,,,,VR2,8186,,,,,,Y,2010-07-30T00:00:00,27.00478,-80.01815,Y,2010-07-30T00:00:00,,,,,,,,
TEQ,NORO,2010-07-30T00:00:00,27.00478,-80.01815,,,,VR2,6881,,,,,,Y,2010-10-12T00:00:00,27.00478,-80.01815,Y,2010-10-12T00:00:00,,,,,,,,
TEQ,NORO,2010-10-12T00:00:00,27.00478,-80.01815,,,,VR2W,106496,,,,,,Y,2011-02-07T00:00:00,27.00478,-80.01815,Y,2011-02-07T00:00:00,,,,,,,,
TEQ,NORO,2011-02-07T00:00:00,27.00478,-80.01815,,,,VR2W,107564,,,,,,Y,2011-05-09T00:00:00,27.00478,-80.01815,Y,2011-05-09T00:00:00,,,,,,,,
TEQ,NORO,2011-05-09T00:00:00,27.00478,-80.01815,,,,VR2W,110347,,,,,,Y,2011-07-11T00:00:00,27.00478,-80.01815,Y,2011-07-11T00:00:00,,,,,,,,
TEQ,NORO,2011-07-11T00:00:00,27.00478,-80.01815,,,,VR2W,107892,,,,,,Y,2012-01-09T00:00:00,27.00478,-80.01815,Y,2012-01-09T00:00:00,,,,,,,,
TEQ,NWSC,2009-10-08T00:00:00,27.20518,-80.19770,,,,VR2W,102468,,,,,,Y,2010-01-21T00:00:00,27.20518,-80.19770,Y,2010-01-21T00:00:00,,,,,,,,
TEQ,NWSC,2010-01-21T00:00:00,27.20518,-80.19770,,,,VR2W,106487,,,,,,Y,2010-01-22T00:00:00,27.20518,-80.19770,Y,2010-01-22T00:00:00,,,,,,,,
TEQ,NWSC,2010-01-22T00:00:00,27.20518,-80.19770,,,,VR2W,102468,,,,,,Y,2010-03-08T00:00:00,27.20518,-80.19770,Y,2010-03-08T00:00:00,,,,,,,,
TEQ,NWSC,2010-03-08T00:00:00,27.20518,-80.19770,,,,VR2W,102468,,,,,,Y,2010-04-27T00:00:00,27.20518,-80.19770,Y,2010-04-27T00:00:00,,,,,,,,
TEQ,NWSC,2010-04-27T00:00:00,27.20518,-80.19770,,,,VR2W,102468,,,,,,Y,2010-06-15T00:00:00,27.20518,-80.19770,Y,2010-06-15T00:00:00,,,,,,,,
TEQ,NWSC,2010-06-15T00:00:00,27.20518,-80.19770,,,,VR2W,102468,,,,,,Y,2010-08-24T00:00:00,27.20518,-80.19770,Y,2010-08-24T00:00:00,,,,,,,,
TEQ,NWSC,2010-08-24T00:00:00,27.20518,-80.19770,,,,VR2W,102468,,,,,,Y,2010-09-10T00:00:00,27.20518,-80.19770,Y,2010-09-10T00:00:00,,,,,,,,
TEQ,NWSC,2010-09-10T00:00:00,27.20518,-80.19770,,,,VR2W,102468,,,,,,Y,2010-10-19T00:00:00,27.20518,-80.19770,Y,2010-10-19T00:00:00,,,,,,,,
TEQ,NWSC,2010-10-19T00:00:00,27.20518,-80.19770,,,,VR2W,102468,,,,,,Y,2010-12-22T00:00:00,27.20518,-80.19770,Y,2010-12-22T00:00:00,,,,,,,,
TEQ,NWSC,2010-12-22T00:00:00,27.20518,-80.19770,,,,VR2,6889,,,,,,Y,2011-02-18T00:00:00,27.20518,-80.19770,Y,2011-02-18T00:00:00,,,,,,,,
TEQ,NWSC,2011-02-18T00:00:00,27.20518,-80.19770,,,,VR2W,111079,,,,,,Y,2011-05-04T00:00:00,27.20518,-80.19770,Y,2011-05-04T00:00:00,,,,,,,,
TEQ,NWSC,2011-05-04T00:00:00,27.20518,-80.19770,,,,VR2W,111079,,,,,,Y,2011-09-12T00:00:00,27.20518,-80.19770,Y,2011-09-12T00:00:00,,,,,,,,
TEQ,NWSC,2011-09-12T00:00:00,27.20518,-80.19770,,,,VR2W,111079,,,,,,Y,2011-11-08T00:00:00,27.20518,-80.19770,Y,2011-11-08T00:00:00,,,,,,,,
TEQ,PBIS,2009-10-13T00:00:00,26.77150,-80.03200,,,,VR2,6879,,,,,,Y,2010-01-29T00:00:00,26.77150,-80.03200,Y,2010-01-29T00:00:00,,,,,,,,
TEQ,PBIS,2010-01-29T00:00:00,26.77150,-80.03200,,,,VR2,8187,,,,,,Y,2010-04-27T00:00:00,26.77150,-80.03200,Y,2010-04-27T00:00:00,,,,,,,,
TEQ,PBIS,2010-04-27T00:00:00,26.77150,-80.03200,,,,VR2,7207,,,,,,Y,2010-08-05T00:00:00,26.77150,-80.03200,Y,2010-08-05T00:00:00,,,,,,,,
TEQ,PBIS,2010-08-05T00:00:00,26.77150,-80.03200,,,,VR2,7200,,,,,,Y,2010-10-11T00:00:00,26.77150,-80.03200,Y,2010-10-11T00:00:00,,,,,,,,
TEQ,PBIS,2010-10-11T00:00:00,26.77150,-80.03200,,,,VR2W,101267,,,,,,Y,2010-11-23T00:00:00,26.77150,-80.03200,Y,2010-11-23T00:00:00,,,,,,,,
TEQ,PBIS,2011-01-31T00:00:00,26.77150,-80.03200,,,,VR2W,106493,,,,,,Y,2011-06-10T00:00:00,26.77150,-80.03200,Y,2011-06-10T00:00:00,,,,,,,,
TEQ,PBIS,2011-06-10T00:00:00,26.77150,-80.03200,,,,VR2W,104788,,,,,,Y,2011-08-17T00:00:00,26.77150,-80.03200,Y,2011-08-17T00:00:00,,,,,,,,
TEQ,PCBR,2009-12-14T00:00:00,27.16588,-80.25467,,,,VR2,5316,,,,,,Y,2010-02-08T00:00:00,27.16588,-80.25467,Y,2010-02-08T00:00:00,,,,,,,,
TEQ,PCBR,2010-02-08T00:00:00,27.16588,-80.25467,,,,VR2,5316,,,,,,Y,2010-03-09T00:00:00,27.16588,-80.25467,Y,2010-03-09T00:00:00,,,,,,,,
TEQ,PCBR,2010-03-09T00:00:00,27.16588,-80.25467,,,,VR2,5316,,,,,,Y,2010-04-08T00:00:00,27.16588,-80.25467,Y,2010-04-08T00:00:00,,,,,,,,
TEQ,PCBR,2010-04-08T00:00:00,27.16588,-80.25467,,,,VR2,5316,,,,,,Y,2010-06-07T00:00:00,27.16588,-80.25467,Y,2010-06-07T00:00:00,,,,,,,,
TEQ,PCBR,2010-06-07T00:00:00,27.16588,-80.25467,,,,VR2,5316,,,,,,Y,2010-08-31T00:00:00,27.16588,-80.25467,Y,2010-08-31T00:00:00,,,,,,,,
TEQ,PCBR,2010-08-31T00:00:00,27.16588,-80.25467,,,,VR2,5316,,,,,,Y,2010-10-07T00:00:00,27.16588,-80.25467,Y,2010-10-07T00:00:00,,,,,,,,
TEQ,PCBR,2010-10-07T00:00:00,27.16588,-80.25467,,,,VR2,5316,,,,,,Y,2011-01-11T00:00:00,27.16588,-80.25467,Y,2011-01-11T00:00:00,,,,,,,,
TEQ,PCBR,2011-01-11T00:00:00,27.16588,-80.25467,,,,VR2,5316,,,,,,Y,2011-04-27T00:00:00,27.16588,-80.25467,Y,2011-04-27T00:00:00,,,,,,,,
TEQ,PCBR,2011-07-19T00:00:00,27.16588,-80.25467,,,,VR2W,107887,,,,,,Y,2011-10-14T00:00:00,27.16588,-80.25467,Y,2011-10-14T00:00:00,,,,,,,,
TEQ,PELA,2010-08-20T00:00:00,27.12212,-80.12803,,,,VR2W,104796,,,,,,Y,2010-10-14T00:00:00,27.12212,-80.12803,Y,2010-10-14T00:00:00,,,,,,,,
TEQ,PELA,2010-10-14T00:00:00,27.12212,-80.12803,,,,VR2W,104797,,,,,,Y,2010-11-24T00:00:00,27.12212,-80.12803,Y,2010-11-24T00:00:00,,,,,,,,
TEQ,PELA,2010-11-24T00:00:00,27.12212,-80.12803,,,,VR2W,104797,,,,,,Y,2011-03-18T00:00:00,27.12212,-80.12803,Y,2011-03-18T00:00:00,,,,,,,,
TEQ,PELA,2011-03-18T00:00:00,27.12212,-80.12803,,,,VR2W,105572,,,,,,Y,2011-05-16T00:00:00,27.12212,-80.12803,Y,2011-05-16T00:00:00,,,,,,,,
TEQ,PELA,2011-05-16T00:00:00,27.12212,-80.12803,,,,VR2W,104797,,,,,,Y,2011-07-25T00:00:00,27.12212,-80.12803,Y,2011-07-25T00:00:00,,,,,,,,
TEQ,PELA,2011-07-25T00:00:00,27.12212,-80.12803,,,,VR2W,101265,,,,,,Y,2011-12-29T00:00:00,27.12212,-80.12803,Y,2011-12-29T00:00:00,,,,,,,,
TEQ,PIBA,2010-05-06T00:00:00,27.22275,-80.11605,,,,VR2W,105575,,,,,,Y,2010-06-16T00:00:00,27.22275,-80.11605,Y,2010-06-16T00:00:00,,,,,,,,
TEQ,PIBA,2010-06-16T00:00:00,27.22275,-80.11605,,,,VR2W,104791,,,,,,Y,2010-08-13T00:00:00,27.22275,-80.11605,Y,2010-08-13T00:00:00,,,,,,,,
TEQ,PIBA,2010-08-13T00:00:00,27.22275,-80.11605,,,,VR2W,104532,,,,,,Y,2010-10-14T00:00:00,27.22275,-80.11605,Y,2010-10-14T00:00:00,,,,,,,,
TEQ,PIBA,2010-10-14T00:00:00,27.22275,-80.11605,,,,VR2W,106486,,,,,,Y,2011-02-23T00:00:00,27.22275,-80.11605,Y,2011-02-23T00:00:00,,,,,,,,
TEQ,PIBA,2011-02-23T00:00:00,27.22275,-80.11605,,,,VR2W,106496,,,,,,Y,2011-05-19T00:00:00,27.22275,-80.11605,Y,2011-05-19T00:00:00,,,,,,,,
TEQ,PIBA,2011-05-19T00:00:00,27.22275,-80.11605,,,,VR2W,105572,,,,,,Y,2011-07-26T00:00:00,27.22275,-80.11605,Y,2011-07-26T00:00:00,,,,,,,,
TEQ,PIBA,2011-07-26T00:00:00,27.22275,-80.11605,,,,VR2W,107564,,,,,,Y,2011-12-30T00:00:00,27.22275,-80.11605,Y,2011-12-30T00:00:00,,,,,,,,
TEQ,PMLK,2009-08-29T00:00:00,26.98407,-80.62195,,,,VR2W,104792,,,,,,Y,2010-02-08T00:00:00,26.98407,-80.62195,Y,2010-02-08T00:00:00,,,,,,,,
TEQ,PMLK,2010-02-08T00:00:00,26.98407,-80.62195,,,,VR2W,104792,,,,,,Y,2010-04-30T00:00:00,26.98407,-80.62195,Y,2010-04-30T00:00:00,,,,,,,,
TEQ,PMLK,2010-04-30T00:00:00,26.98407,-80.62195,,,,VR2W,104792,,,,,,Y,2010-06-07T00:00:00,26.98407,-80.62195,Y,2010-06-07T00:00:00,,,,,,,,
TEQ,PMLK,2010-06-07T00:00:00,26.98407,-80.62195,,,,VR2W,104792,,,,,,Y,2010-11-16T00:00:00,26.98407,-80.62195,Y,2010-11-16T00:00:00,,,,,,,,
TEQ,PMLK,2010-11-16T00:00:00,26.98407,-80.62195,,,,VR2W,104792,,,,,,Y,2011-03-01T00:00:00,26.98407,-80.62195,Y,2011-03-01T00:00:00,,,,,,,,
TEQ,PMLK,2011-03-01T00:00:00,26.98407,-80.62195,,,,VR2W,104792,,,,,,Y,2011-05-31T00:00:00,26.98407,-80.62195,Y,2011-05-31T00:00:00,,,,,,,,
TEQ,PMLK,2011-10-21T00:00:00,26.98407,-80.62195,,,,VR2W,108058,,,,,,Y,2012-01-27T00:00:00,26.98407,-80.62195,Y,2012-01-27T00:00:00,,,,,,,,
TEQ,RBNO,2009-10-08T00:00:00,27.20245,-80.26270,,,,VR2,5314,,,,,,Y,2010-01-21T00:00:00,27.20245,-80.26270,Y,2010-01-21T00:00:00,,,,,,,,
TEQ,RBNO,2010-01-21T00:00:00,27.20245,-80.26270,,,,VR2,5314,,,,,,Y,2010-03-08T00:00:00,27.20245,-80.26270,Y,2010-03-08T00:00:00,,,,,,,,
TEQ,RBNO,2010-03-08T00:00:00,27.20245,-80.26270,,,,VR2,5314,,,,,,Y,2010-04-27T00:00:00,27.20245,-80.26270,Y,2010-04-27T00:00:00,,,,,,,,
TEQ,RBNO,2010-04-27T00:00:00,27.20245,-80.26270,,,,VR2,5314,,,,,,Y,2010-06-25T00:00:00,27.20245,-80.26270,Y,2010-06-25T00:00:00,,,,,,,,
TEQ,RBNO,2010-06-25T00:00:00,27.20245,-80.26270,,,,VR2,5314,,,,,,Y,2010-08-24T00:00:00,27.20245,-80.26270,Y,2010-08-24T00:00:00,,,,,,,,
TEQ,RBNO,2010-08-24T00:00:00,27.20245,-80.26270,,,,VR2,5314,,,,,,Y,2010-10-19T00:00:00,27.20245,-80.26270,Y,2010-10-19T00:00:00,,,,,,,,
TEQ,RBNO,2010-10-19T00:00:00,27.20245,-80.26270,,,,VR2,5314,,,,,,Y,2011-01-27T00:00:00,27.20245,-80.26270,Y,2011-01-27T00:00:00,,,,,,,,
TEQ,RBNO,2011-01-27T00:00:00,27.20245,-80.26270,,,,VR2,5314,,,,,,Y,2011-03-08T00:00:00,27.20245,-80.26270,Y,2011-03-08T00:00:00,,,,,,,,
TEQ,RBNO,2011-03-08T00:00:00,27.20245,-80.26270,,,,VR2,5314,,,,,,Y,2011-05-04T00:00:00,27.20245,-80.26270,Y,2011-05-04T00:00:00,,,,,,,,
TEQ,RBNO,2011-05-04T00:00:00,27.20245,-80.26270,,,,VR2W,107888,,,,,,Y,2011-10-27T00:00:00,27.20245,-80.26270,Y,2011-10-27T00:00:00,,,,,,,,
TEQ,RBSO,2009-10-08T00:00:00,27.20225,-80.26072,,,,VR2W,104788,,,,,,Y,2010-01-21T00:00:00,27.20225,-80.26072,Y,2010-01-21T00:00:00,,,,,,,,
TEQ,RBSO,2010-01-21T00:00:00,27.20225,-80.26072,,,,VR2W,104788,,,,,,Y,2010-03-08T00:00:00,27.20225,-80.26072,Y,2010-03-08T00:00:00,,,,,,,,
TEQ,RBSO,2010-03-08T00:00:00,27.20225,-80.26072,,,,VR2W,104788,,,,,,Y,2010-04-27T00:00:00,27.20225,-80.26072,Y,2010-04-27T00:00:00,,,,,,,,
TEQ,RBSO,2010-04-27T00:00:00,27.20225,-80.26072,,,,VR2W,104788,,,,,,Y,2010-06-25T00:00:00,27.20225,-80.26072,Y,2010-06-25T00:00:00,,,,,,,,
TEQ,RBSO,2010-06-25T00:00:00,27.20225,-80.26072,,,,VR2W,104788,,,,,,Y,2010-08-24T00:00:00,27.20225,-80.26072,Y,2010-08-24T00:00:00,,,,,,,,
TEQ,RBSO,2010-08-24T00:00:00,27.20225,-80.26072,,,,VR2W,104788,,,,,,Y,2010-10-19T00:00:00,27.20225,-80.26072,Y,2010-10-19T00:00:00,,,,,,,,
TEQ,RBSO,2010-10-19T00:00:00,27.20225,-80.26072,,,,VR2W,104788,,,,,,Y,2011-01-27T00:00:00,27.20225,-80.26072,Y,2011-01-27T00:00:00,,,,,,,,
TEQ,RBSO,2011-01-28T00:00:00,27.20225,-80.26072,,,,VR2W,104788,,,,,,Y,2011-03-08T00:00:00,27.20225,-80.26072,Y,2011-03-08T00:00:00,,,,,,,,
TEQ,RBSO,2011-03-08T00:00:00,27.20225,-80.26072,,,,VR2W,104794,,,,,,Y,2011-05-04T00:00:00,27.20225,-80.26072,Y,2011-05-04T00:00:00,,,,,,,,
TEQ,RBSO,2011-05-04T00:00:00,27.20225,-80.26072,,,,VR2W,104794,,,,,,Y,2011-10-27T00:00:00,27.20225,-80.26072,Y,2011-10-27T00:00:00,,,,,,,,
TEQ,SESC,2009-10-08T00:00:00,27.20553,-80.18857,,,,VR2,5317,,,,,,Y,2010-01-21T00:00:00,27.20553,-80.18857,Y,2010-01-21T00:00:00,,,,,,,,
TEQ,SESC,2010-01-21T00:00:00,27.20553,-80.18857,,,,VR2,5317,,,,,,Y,2010-03-08T00:00:00,27.20553,-80.18857,Y,2010-03-08T00:00:00,,,,,,,,
TEQ,SESC,2010-03-08T00:00:00,27.20553,-80.18857,,,,VR2,5317,,,,,,Y,2010-04-27T00:00:00,27.20553,-80.18857,Y,2010-04-27T00:00:00,,,,,,,,
TEQ,SESC,2010-04-27T00:00:00,27.20553,-80.18857,,,,VR2,5317,,,,,,Y,2010-06-15T00:00:00,27.20553,-80.18857,Y,2010-06-15T00:00:00,,,,,,,,
TEQ,SESC,2010-06-15T00:00:00,27.20553,-80.18857,,,,VR2,5317,,,,,,Y,2010-08-24T00:00:00,27.20553,-80.18857,Y,2010-08-24T00:00:00,,,,,,,,
TEQ,SESC,2010-08-24T00:00:00,27.20553,-80.18857,,,,VR2,5317,,,,,,Y,2010-09-10T00:00:00,27.20553,-80.18857,Y,2010-09-10T00:00:00,,,,,,,,
TEQ,SFCP,2009-12-14T00:00:00,27.12686,-80.26410,,,,VR2,5318,,,,,,Y,2010-02-08T00:00:00,27.12686,-80.26410,Y,2010-02-08T00:00:00,,,,,,,,
TEQ,SFCP,2010-02-08T00:00:00,27.12686,-80.26410,,,,VR2,5318,,,,,,Y,2010-02-16T00:00:00,27.12686,-80.26410,Y,2010-02-16T00:00:00,,,,,,,,
TEQ,SFCP,2010-02-16T00:00:00,27.12686,-80.26410,,,,VR2,5318,,,,,,Y,2010-02-23T00:00:00,27.12686,-80.26410,Y,2010-02-23T00:00:00,,,,,,,,
TEQ,SFCP,2010-02-23T00:00:00,27.12686,-80.26410,,,,VR2,5318,,,,,,Y,2010-03-02T00:00:00,27.12686,-80.26410,Y,2010-03-02T00:00:00,,,,,,,,
TEQ,SFCP,2010-03-02T00:00:00,27.12686,-80.26410,,,,VR2,5318,,,,,,Y,2010-03-09T00:00:00,27.12686,-80.26410,Y,2010-03-09T00:00:00,,,,,,,,
TEQ,SFCP,2010-03-09T00:00:00,27.12686,-80.26410,,,,VR2,5318,,,,,,Y,2010-03-16T00:00:00,27.12686,-80.26410,Y,2010-03-16T00:00:00,,,,,,,,
TEQ,SFCP,2010-03-16T00:00:00,27.12686,-80.26410,,,,VR2,5318,,,,,,Y,2010-03-30T00:00:00,27.12686,-80.26410,Y,2010-03-30T00:00:00,,,,,,,,
TEQ,SFCP,2010-03-30T00:00:00,27.12686,-80.26410,,,,VR2,5318,,,,,,Y,2010-04-08T00:00:00,27.12686,-80.26410,Y,2010-04-08T00:00:00,,,,,,,,
TEQ,SFCP,2010-04-08T00:00:00,27.12686,-80.26410,,,,VR2,5318,,,,,,Y,2010-04-16T00:00:00,27.12686,-80.26410,Y,2010-04-16T00:00:00,,,,,,,,
TEQ,SFCP,2010-04-16T00:00:00,27.12686,-80.26410,,,,VR2,5318,,,,,,Y,2010-04-27T00:00:00,27.12686,-80.26410,Y,2010-04-27T00:00:00,,,,,,,,
TEQ,SFCP,2010-04-27T00:00:00,27.12686,-80.26410,,,,VR2,5318,,,,,,Y,2010-05-14T00:00:00,27.12686,-80.26410,Y,2010-05-14T00:00:00,,,,,,,,
TEQ,SFCP,2010-05-14T00:00:00,27.12686,-80.26410,,,,VR2,5318,,,,,,Y,2010-06-07T00:00:00,27.12686,-80.26410,Y,2010-06-07T00:00:00,,,,,,,,
TEQ,SFCP,2010-06-07T00:00:00,27.12686,-80.26410,,,,VR2,5318,,,,,,Y,2010-06-09T00:00:00,27.12686,-80.26410,Y,2010-06-09T00:00:00,,,,,,,,
TEQ,SFCP,2010-06-09T00:00:00,27.12686,-80.26410,,,,VR2,5318,,,,,,Y,2010-06-24T00:00:00,27.12686,-80.26410,Y,2010-06-24T00:00:00,,,,,,,,
TEQ,SFCP,2010-06-24T00:00:00,27.12686,-80.26410,,,,VR2,5318,,,,,,Y,2010-08-06T00:00:00,27.12686,-80.26410,Y,2010-08-06T00:00:00,,,,,,,,
TEQ,SFCP,2010-08-06T00:00:00,27.12686,-80.26410,,,,VR2,5318,,,,,,Y,2010-08-10T00:00:00,27.12686,-80.26410,Y,2010-08-10T00:00:00,,,,,,,,
TEQ,SFGG,2009-12-09T00:00:00,27.09595,-80.24310,,,,VR2W,106486,,,,,,Y,2010-02-09T00:00:00,27.09595,-80.24310,Y,2010-02-09T00:00:00,,,,,,,,
TEQ,SFGG,2010-02-09T00:00:00,27.09595,-80.24310,,,,VR2W,106486,,,,,,Y,2010-02-23T00:00:00,27.09595,-80.24310,Y,2010-02-23T00:00:00,,,,,,,,
TEQ,SFGG,2010-02-23T00:00:00,27.09595,-80.24310,,,,VR2W,106489,,,,,,Y,2010-04-08T00:00:00,27.09595,-80.24310,Y,2010-04-08T00:00:00,,,,,,,,
TEQ,SFGG,2010-04-08T00:00:00,27.09595,-80.24310,,,,VR2W,106489,,,,,,Y,2010-06-07T00:00:00,27.09595,-80.24310,Y,2010-06-07T00:00:00,,,,,,,,
TEQ,SFGG,2010-06-07T00:00:00,27.09595,-80.24310,,,,VR2W,106489,,,,,,Y,2010-08-31T00:00:00,27.09595,-80.24310,Y,2010-08-31T00:00:00,,,,,,,,
TEQ,SFGG,2010-08-31T00:00:00,27.09595,-80.24310,,,,VR2W,106489,,,,,,Y,2010-10-07T00:00:00,27.09595,-80.24310,Y,2010-10-07T00:00:00,,,,,,,,
TEQ,SFGG,2010-10-07T00:00:00,27.09595,-80.24310,,,,VR2W,106489,,,,,,Y,2011-01-11T00:00:00,27.09595,-80.24310,Y,2011-01-11T00:00:00,,,,,,,,
TEQ,SFGG,2011-01-11T00:00:00,27.09595,-80.24310,,,,VR2W,106489,,,,,,Y,2011-03-15T00:00:00,27.09595,-80.24310,Y,2011-03-15T00:00:00,,,,,,,,
TEQ,SFGG,2011-03-15T00:00:00,27.09595,-80.24310,,,,VR2W,106489,,,,,,Y,2011-05-31T00:00:00,27.09595,-80.24310,Y,2011-05-31T00:00:00,,,,,,,,
TEQ,SFGG,2011-05-31T00:00:00,27.09595,-80.24310,,,,VR2W,106489,,,,,,Y,2011-07-19T00:00:00,27.09595,-80.24310,Y,2011-07-19T00:00:00,,,,,,,,
TEQ,SFHB,2009-12-08T00:00:00,27.10228,-80.24850,,,,VR2,4914,,,,,,Y,2010-02-09T00:00:00,27.10228,-80.24850,Y,2010-02-09T00:00:00,,,,,,,,
TEQ,SFHB,2010-02-09T00:00:00,27.10228,-80.24850,,,,VR2,4914,,,,,,Y,2010-04-08T00:00:00,27.10228,-80.24850,Y,2010-04-08T00:00:00,,,,,,,,
TEQ,SFHB,2010-04-08T00:00:00,27.10228,-80.24850,,,,VR2W,106490,,,,,,Y,2010-06-07T00:00:00,27.10228,-80.24850,Y,2010-06-07T00:00:00,,,,,,,,
TEQ,SFHB,2010-06-07T00:00:00,27.10228,-80.24850,,,,VR2W,106490,,,,,,Y,2010-08-31T00:00:00,27.10228,-80.24850,Y,2010-08-31T00:00:00,,,,,,,,
TEQ,SFHB,2010-08-31T00:00:00,27.10228,-80.24850,,,,VR2W,106490,,,,,,Y,2010-10-07T00:00:00,27.10228,-80.24850,Y,2010-10-07T00:00:00,,,,,,,,
TEQ,SFHB,2010-10-07T00:00:00,27.10228,-80.24850,,,,VR2W,106490,,,,,,Y,2011-01-11T00:00:00,27.10228,-80.24850,Y,2011-01-11T00:00:00,,,,,,,,
TEQ,SFHB,2011-01-11T00:00:00,27.10228,-80.24850,,,,VR2W,106490,,,,,,Y,2011-03-15T00:00:00,27.10228,-80.24850,Y,2011-03-15T00:00:00,,,,,,,,
TEQ,SFHB,2011-03-15T00:00:00,27.10228,-80.24850,,,,VR2W,106490,,,,,,Y,2011-05-31T00:00:00,27.10228,-80.24850,Y,2011-05-31T00:00:00,,,,,,,,
TEQ,SFHB,2011-05-31T00:00:00,27.10228,-80.24850,,,,VR2W,106490,,,,,,Y,2011-07-19T00:00:00,27.10228,-80.24850,Y,2011-07-19T00:00:00,,,,,,,,
TEQ,SFHB,2011-07-19T00:00:00,27.10228,-80.24850,,,,VR2W,106490,,,,,,Y,2011-10-14T00:00:00,27.10228,-80.24850,Y,2011-10-14T00:00:00,,,,,,,,
TEQ,SFNP,2010-12-28T00:00:00,27.12686,-80.26410,,,,VR2,7201,,,,,,Y,2011-01-11T00:00:00,27.12686,-80.26410,Y,2011-01-11T00:00:00,,,,,,,,
TEQ,SFNP,2011-01-11T00:00:00,27.12686,-80.26410,,,,VR2,7201,,,,,,Y,2011-03-08T00:00:00,27.12686,-80.26410,Y,2011-03-08T00:00:00,,,,,,,,
TEQ,SFNP,2011-03-08T00:00:00,27.12686,-80.26410,,,,VR2,7201,,,,,,Y,2011-05-31T00:00:00,27.12686,-80.26410,Y,2011-05-31T00:00:00,,,,,,,,
TEQ,SFNP,2011-05-31T00:00:00,27.12686,-80.26410,,,,VR2W,107822,,,,,,Y,2011-07-19T00:00:00,27.12686,-80.26410,Y,2011-07-19T00:00:00,,,,,,,,
TEQ,SFNP,2011-07-19T00:00:00,27.12686,-80.26410,,,,VR2W,107822,,,,,,Y,2011-10-14T00:00:00,27.12686,-80.26410,Y,2011-10-14T00:00:00,,,,,,,,
TEQ,SINJ,2011-07-29T00:00:00,27.86253,-80.44516,,,,VR2W,104793,,,,,,Y,2011-10-13T00:00:00,27.86253,-80.44516,Y,2011-10-13T00:00:00,,,,,,,,
TEQ,SINJ,2011-10-13T00:00:00,27.86253,-80.44516,,,,VR2W,102464,,,,,,Y,2012-01-12T00:00:00,27.86253,-80.44516,Y,2012-01-12T00:00:00,,,,,,,,
TEQ,SINO,2009-12-01T00:00:00,27.85582,-80.45695,,,,VR2W,103640,,,,,,Y,2010-02-26T00:00:00,27.85582,-80.45695,Y,2010-02-26T00:00:00,,,,,,,,
TEQ,SINO,2010-02-26T00:00:00,27.85582,-80.45695,,,,VR2W,103640,,,,,,Y,2010-04-09T00:00:00,27.85582,-80.45695,Y,2010-04-09T00:00:00,,,,,,,,
TEQ,SINO,2010-04-09T00:00:00,27.85582,-80.45695,,,,VR2W,103640,,,,,,Y,2010-06-09T00:00:00,27.85582,-80.45695,Y,2010-06-09T00:00:00,,,,,,,,
TEQ,SINO,2010-06-09T00:00:00,27.85582,-80.45695,,,,VR2W,103640,,,,,,Y,2010-08-24T00:00:00,27.85582,-80.45695,Y,2010-08-24T00:00:00,,,,,,,,
TEQ,SINO,2010-08-24T00:00:00,27.85582,-80.45695,,,,VR2W,103640,,,,,,Y,2010-10-22T00:00:00,27.85582,-80.45695,Y,2010-10-22T00:00:00,,,,,,,,
TEQ,SINO,2010-10-22T00:00:00,27.85582,-80.45695,,,,VR2W,103640,,,,,,Y,2011-01-04T00:00:00,27.85582,-80.45695,Y,2011-01-04T00:00:00,,,,,,,,
TEQ,SINO,2011-01-04T00:00:00,27.85582,-80.45695,,,,VR2W,103640,,,,,,Y,2011-02-28T00:00:00,27.85582,-80.45695,Y,2011-02-28T00:00:00,,,,,,,,
TEQ,SINO,2011-02-28T00:00:00,27.85582,-80.45695,,,,VR2W,103640,,,,,,Y,2011-04-19T00:00:00,27.85582,-80.45695,Y,2011-04-19T00:00:00,,,,,,,,
TEQ,SINO,2011-04-19T00:00:00,27.85582,-80.45695,,,,VR2W,106485,,,,,,Y,2011-07-29T00:00:00,27.85582,-80.45695,Y,2011-07-29T00:00:00,,,,,,,,
TEQ,SINO,2011-07-29T00:00:00,27.85582,-80.45695,,,,VR2W,107821,,,,,,Y,2011-10-13T00:00:00,27.85582,-80.45695,Y,2011-10-13T00:00:00,,,,,,,,
TEQ,SINO,2011-10-13T00:00:00,27.85582,-80.45695,,,,VR2W,107821,,,,,,Y,2012-01-12T00:00:00,27.85582,-80.45695,Y,2012-01-12T00:00:00,,,,,,,,
TEQ,SISO,2009-12-01T00:00:00,27.85725,-80.45115,,,,VR2W,106485,,,,,,Y,2010-02-26T00:00:00,27.85725,-80.45115,Y,2010-02-26T00:00:00,,,,,,,,
TEQ,SISO,2010-02-26T00:00:00,27.85725,-80.45115,,,,VR2W,106485,,,,,,Y,2010-04-09T00:00:00,27.85725,-80.45115,Y,2010-04-09T00:00:00,,,,,,,,
TEQ,SISO,2010-04-09T00:00:00,27.85725,-80.45115,,,,VR2W,106485,,,,,,Y,2010-06-09T00:00:00,27.85725,-80.45115,Y,2010-06-09T00:00:00,,,,,,,,
TEQ,SISO,2010-06-09T00:00:00,27.85725,-80.45115,,,,VR2W,106485,,,,,,Y,2010-08-24T00:00:00,27.85725,-80.45115,Y,2010-08-24T00:00:00,,,,,,,,
TEQ,SISO,2010-08-24T00:00:00,27.85725,-80.45115,,,,VR2W,106485,,,,,,Y,2010-10-22T00:00:00,27.85725,-80.45115,Y,2010-10-22T00:00:00,,,,,,,,
TEQ,SISO,2010-10-22T00:00:00,27.85725,-80.45115,,,,VR2W,106485,,,,,,Y,2011-01-04T00:00:00,27.85725,-80.45115,Y,2011-01-04T00:00:00,,,,,,,,
TEQ,SISO,2011-01-04T00:00:00,27.85725,-80.45115,,,,VR2W,106485,,,,,,Y,2011-02-28T00:00:00,27.85725,-80.45115,Y,2011-02-28T00:00:00,,,,,,,,
TEQ,SISO,2011-02-28T00:00:00,27.85725,-80.45115,,,,VR2W,106485,,,,,,Y,2011-04-19T00:00:00,27.85725,-80.45115,Y,2011-04-19T00:00:00,,,,,,,,
TEQ,SISO,2011-04-25T00:00:00,27.85725,-80.45115,,,,VR2W,103640,,,,,,Y,2011-07-29T00:00:00,27.85725,-80.45115,Y,2011-07-29T00:00:00,,,,,,,,
TEQ,SISO,2011-07-29T00:00:00,27.85725,-80.45115,,,,VR2W,106495,,,,,,Y,2011-10-13T00:00:00,27.85725,-80.45115,Y,2011-10-13T00:00:00,,,,,,,,
TEQ,SISO,2011-10-13T00:00:00,27.85725,-80.45115,,,,VR2W,106495,,,,,,Y,2012-01-12T00:00:00,27.85725,-80.45115,Y,2012-01-12T00:00:00,,,,,,,,
TEQ,SIWP,2009-12-01T00:00:00,27.86020,-80.44933,,,,VR2W,105193,,,,,,Y,2010-02-26T00:00:00,27.86020,-80.44933,Y,2010-02-26T00:00:00,,,,,,,,
TEQ,SIWP,2010-02-26T00:00:00,27.86020,-80.44933,,,,VR2W,105193,,,,,,Y,2010-04-09T00:00:00,27.86020,-80.44933,Y,2010-04-09T00:00:00,,,,,,,,
TEQ,SIWP,2010-04-09T00:00:00,27.86020,-80.44933,,,,VR2W,105193,,,,,,Y,2010-06-09T00:00:00,27.86020,-80.44933,Y,2010-06-09T00:00:00,,,,,,,,
TEQ,SIWP,2010-06-09T00:00:00,27.86020,-80.44933,,,,VR2W,105193,,,,,,Y,2010-08-24T00:00:00,27.86020,-80.44933,Y,2010-08-24T00:00:00,,,,,,,,
TEQ,SIWP,2010-08-24T00:00:00,27.86020,-80.44933,,,,VR2W,105193,,,,,,Y,2010-10-22T00:00:00,27.86020,-80.44933,Y,2010-10-22T00:00:00,,,,,,,,
TEQ,SIWP,2010-10-22T00:00:00,27.86020,-80.44933,,,,VR2W,105193,,,,,,Y,2011-01-04T00:00:00,27.86020,-80.44933,Y,2011-01-04T00:00:00,,,,,,,,
TEQ,SIWP,2011-07-29T00:00:00,27.86020,-80.44933,,,,VR2W,106486,,,,,,Y,2011-10-13T00:00:00,27.86020,-80.44933,Y,2011-10-13T00:00:00,,,,,,,,
TEQ,SIWP,2011-10-13T00:00:00,27.86020,-80.44933,,,,VR2W,106486,,,,,,Y,2012-01-12T00:00:00,27.86020,-80.44933,Y,2012-01-12T00:00:00,,,,,,,,
TEQ,SLDJ,2010-01-21T00:00:00,27.16650,-80.14886,,,,VR2,7202,,,,,,Y,2010-04-28T00:00:00,27.16650,-80.14886,Y,2010-04-28T00:00:00,,,,,,,,
TEQ,SLDJ,2010-04-28T00:00:00,27.16650,-80.14886,,,,VR2,7202,,,,,,Y,2010-06-25T00:00:00,27.16650,-80.14886,Y,2010-06-25T00:00:00,,,,,,,,
TEQ,SLDJ,2010-06-29T00:00:00,27.16650,-80.14886,,,,VR2,7204,,,,,,Y,2010-08-24T00:00:00,27.16650,-80.14886,Y,2010-08-24T00:00:00,,,,,,,,
TEQ,SLDJ,2010-08-24T00:00:00,27.16650,-80.14886,,,,VR2,7204,,,,,,Y,2010-11-23T00:00:00,27.16650,-80.14886,Y,2010-11-23T00:00:00,,,,,,,,
TEQ,SLDJ,2010-11-23T00:00:00,27.16650,-80.14886,,,,VR2,7204,,,,,,Y,2011-02-18T00:00:00,27.16650,-80.14886,Y,2011-02-18T00:00:00,,,,,,,,
TEQ,SLDJ,2011-02-18T00:00:00,27.16650,-80.14886,,,,VR2W,101267,,,,,,Y,2011-05-04T00:00:00,27.16650,-80.14886,Y,2011-05-04T00:00:00,,,,,,,,
TEQ,SLDJ,2011-05-04T00:00:00,27.16650,-80.14886,,,,VR2W,101267,,,,,,Y,2011-08-23T00:00:00,27.16650,-80.14886,Y,2011-08-23T00:00:00,,,,,,,,
TEQ,SLDJ,2011-08-23T00:00:00,27.16650,-80.14886,,,,VR2W,104532,,,,,,Y,2011-12-29T00:00:00,27.16650,-80.14886,Y,2011-12-29T00:00:00,,,,,,,,
TEQ,SLDJ ,2009-10-01T00:00:00,27.16650,-80.14886,,,,VR2,7202,,,,,,Y,2010-01-21T00:00:00,27.16650,-80.14886,Y,2010-01-21T00:00:00,,,,,,,,
TEQ,SLIB,2009-12-14T00:00:00,27.20075,-80.09492,,,,VR2W,104796,,,,,,Y,2010-02-22T00:00:00,27.20075,-80.09492,Y,2010-02-22T00:00:00,,,,,,,,
TEQ,SLIB,2010-02-22T00:00:00,27.20075,-80.09492,,,,VR2,7204,,,,,,Y,2010-04-23T00:00:00,27.20075,-80.09492,Y,2010-04-23T00:00:00,,,,,,,,
TEQ,SLIB,2010-04-23T00:00:00,27.20075,-80.09492,,,,VR2W,104796,,,,,,Y,2010-06-16T00:00:00,27.20075,-80.09492,Y,2010-06-16T00:00:00,,,,,,,,
TEQ,SLIB,2010-06-16T00:00:00,27.20075,-80.09492,,,,VR2W,106486,,,,,,Y,2010-08-13T00:00:00,27.20075,-80.09492,Y,2010-08-13T00:00:00,,,,,,,,
TEQ,SLIB,2010-08-13T00:00:00,27.20075,-80.09492,,,,VR2W,104793,,,,,,Y,2010-10-14T00:00:00,27.20075,-80.09492,Y,2010-10-14T00:00:00,,,,,,,,
TEQ,SLIB,2010-10-14T00:00:00,27.20075,-80.09492,,,,VR2,6881,,,,,,Y,2011-02-23T00:00:00,27.20075,-80.09492,Y,2011-02-23T00:00:00,,,,,,,,
TEQ,SLIB,2011-02-23T00:00:00,27.20075,-80.09492,,,,VR2W,104793,,,,,,Y,2011-05-16T00:00:00,27.20075,-80.09492,Y,2011-05-16T00:00:00,,,,,,,,
TEQ,SLIB,2011-05-16T00:00:00,27.20075,-80.09492,,,,VR2W,107893,,,,,,Y,2011-07-25T00:00:00,27.20075,-80.09492,Y,2011-07-25T00:00:00,,,,,,,,
TEQ,SLIB,2011-07-25T00:00:00,27.20075,-80.09492,,,,VR2W,101927,,,,,,Y,2012-01-10T00:00:00,27.20075,-80.09492,Y,2012-01-10T00:00:00,,,,,,,,
TEQ,SLLE,2009-12-14T00:00:00,27.11670,-80.28005,,,,VR2W,103638,,,,,,Y,2010-02-09T00:00:00,27.11670,-80.28005,Y,2010-02-09T00:00:00,,,,,,,,
TEQ,SLLE,2010-02-09T00:00:00,27.11670,-80.28005,,,,VR2W,106488,,,,,,Y,2010-04-08T00:00:00,27.11670,-80.28005,Y,2010-04-08T00:00:00,,,,,,,,
TEQ,SLLE,2010-04-08T00:00:00,27.11670,-80.28005,,,,VR2W,106488,,,,,,Y,2010-08-06T00:00:00,27.11670,-80.28005,Y,2010-08-06T00:00:00,,,,,,,,
TEQ,SLLE,2010-08-06T00:00:00,27.11670,-80.28005,,,,VR2W,106488,,,,,,Y,2010-10-26T00:00:00,27.11670,-80.28005,Y,2010-10-26T00:00:00,,,,,,,,
TEQ,SLLE,2010-10-26T00:00:00,27.11670,-80.28005,,,,VR2W,106488,,,,,,Y,2011-01-11T00:00:00,27.11670,-80.28005,Y,2011-01-11T00:00:00,,,,,,,,
TEQ,SLLE,2011-01-11T00:00:00,27.11670,-80.28005,,,,VR2W,106488,,,,,,Y,2011-03-08T00:00:00,27.11670,-80.28005,Y,2011-03-08T00:00:00,,,,,,,,
TEQ,SLLE,2011-03-08T00:00:00,27.11670,-80.28005,,,,VR2W,106488,,,,,,Y,2011-05-31T00:00:00,27.11670,-80.28005,Y,2011-05-31T00:00:00,,,,,,,,
TEQ,SLLE,2011-05-31T00:00:00,27.11670,-80.28005,,,,VR2W,107891,,,,,,Y,2011-07-19T00:00:00,27.11670,-80.28005,Y,2011-07-19T00:00:00,,,,,,,,
TEQ,SLLE,2011-07-19T00:00:00,27.11670,-80.28005,,,,VR2W,107891,,,,,,Y,2011-10-14T00:00:00,27.11670,-80.28005,Y,2011-10-14T00:00:00,,,,,,,,
TEQ,SLLW,2009-12-14T00:00:00,27.10990,-80.28617,,,,VR2,2069,,,,,,Y,2010-02-09T00:00:00,27.10990,-80.28617,Y,2010-02-09T00:00:00,,,,,,,,
TEQ,SLLW,2010-02-09T00:00:00,27.10990,-80.28617,,,,VR2W,106487,,,,,,Y,2010-04-08T00:00:00,27.10990,-80.28617,Y,2010-04-08T00:00:00,,,,,,,,
TEQ,SLLW,2010-04-08T00:00:00,27.10990,-80.28617,,,,VR2W,106487,,,,,,Y,2010-08-06T00:00:00,27.10990,-80.28617,Y,2010-08-06T00:00:00,,,,,,,,
TEQ,SLLW,2010-08-06T00:00:00,27.10990,-80.28617,,,,VR2W,106487,,,,,,Y,2010-10-26T00:00:00,27.10990,-80.28617,Y,2010-10-26T00:00:00,,,,,,,,
TEQ,SLLW,2010-10-26T00:00:00,27.10990,-80.28617,,,,VR2W,106487,,,,,,Y,2011-01-11T00:00:00,27.10990,-80.28617,Y,2011-01-11T00:00:00,,,,,,,,
TEQ,SLLW,2011-01-11T00:00:00,27.10990,-80.28617,,,,VR2W,106487,,,,,,Y,2011-04-11T00:00:00,27.10990,-80.28617,Y,2011-04-11T00:00:00,,,,,,,,
TEQ,SLLW,2011-04-11T00:00:00,27.10990,-80.28617,,,,VR2W,106487,,,,,,Y,2011-05-31T00:00:00,27.10990,-80.28617,Y,2011-05-31T00:00:00,,,,,,,,
TEQ,SLLW,2011-05-31T00:00:00,27.10990,-80.28617,,,,VR2W,106487,,,,,,Y,2011-07-19T00:00:00,27.10990,-80.28617,Y,2011-07-19T00:00:00,,,,,,,,
TEQ,SLLW,2011-07-19T00:00:00,27.10990,-80.28617,,,,VR2W,106487,,,,,,Y,2011-10-14T00:00:00,27.10990,-80.28617,Y,2011-10-14T00:00:00,,,,,,,,
TEQ,SLNA,2009-10-08T00:00:00,27.14147,-80.16267,,,,VR2W,102464,,,,,,Y,2010-01-21T00:00:00,27.14147,-80.16267,Y,2010-01-21T00:00:00,,,,,,,,
TEQ,SLNA,2010-01-21T00:00:00,27.14147,-80.16267,,,,VR2W,102464,,,,,,Y,2010-03-08T00:00:00,27.14147,-80.16267,Y,2010-03-08T00:00:00,,,,,,,,
TEQ,SLNA,2010-03-08T00:00:00,27.14147,-80.16267,,,,VR2W,102464,,,,,,Y,2010-04-13T00:00:00,27.14147,-80.16267,Y,2010-04-13T00:00:00,,,,,,,,
TEQ,SLNA,2010-04-13T00:00:00,27.14147,-80.16267,,,,VR2W,102464,,,,,,Y,2010-06-15T00:00:00,27.14147,-80.16267,Y,2010-06-15T00:00:00,,,,,,,,
TEQ,SLNA,2010-06-15T00:00:00,27.14147,-80.16267,,,,VR2W,102464,,,,,,Y,2010-08-20T00:00:00,27.14147,-80.16267,Y,2010-08-20T00:00:00,,,,,,,,
TEQ,SLNA,2010-08-20T00:00:00,27.14147,-80.16267,,,,VR2W,102464,,,,,,Y,2010-10-19T00:00:00,27.14147,-80.16267,Y,2010-10-19T00:00:00,,,,,,,,
TEQ,SLNA,2010-10-19T00:00:00,27.14147,-80.16267,,,,VR2W,102464,,,,,,Y,2010-12-22T00:00:00,27.14147,-80.16267,Y,2010-12-22T00:00:00,,,,,,,,
TEQ,SLNA,2010-12-22T00:00:00,27.14147,-80.16267,,,,VR2W,102464,,,,,,Y,2011-02-18T00:00:00,27.14147,-80.16267,Y,2011-02-18T00:00:00,,,,,,,,
TEQ,SLNA,2011-02-18T00:00:00,27.14147,-80.16267,,,,VR2W,102464,,,,,,Y,2011-05-04T00:00:00,27.14147,-80.16267,Y,2011-05-04T00:00:00,,,,,,,,
TEQ,SLNA,2011-05-04T00:00:00,27.14147,-80.16267,,,,VR2W,102464,,,,,,Y,2011-09-12T00:00:00,27.14147,-80.16267,Y,2011-09-12T00:00:00,,,,,,,,
TEQ,SLNA,2011-09-12T00:00:00,27.14147,-80.16267,,,,VR2W,108057,,,,,,Y,2011-11-25T00:00:00,27.14147,-80.16267,Y,2011-11-25T00:00:00,,,,,,,,
TEQ,SLOF,2009-10-08T00:00:00,27.16945,-80.16335,,,,VR2W,102467,,,,,,Y,2010-01-21T00:00:00,27.16945,-80.16335,Y,2010-01-21T00:00:00,,,,,,,,
TEQ,SLOF,2010-01-21T00:00:00,27.16945,-80.16335,,,,VR2W,102467,,,,,,Y,2010-03-08T00:00:00,27.16945,-80.16335,Y,2010-03-08T00:00:00,,,,,,,,
TEQ,SLOF,2010-03-08T00:00:00,27.16945,-80.16335,,,,VR2W,102467,,,,,,Y,2010-04-27T00:00:00,27.16945,-80.16335,Y,2010-04-27T00:00:00,,,,,,,,
TEQ,SLOF,2010-04-27T00:00:00,27.16945,-80.16335,,,,VR2W,102467,,,,,,Y,2010-06-15T00:00:00,27.16945,-80.16335,Y,2010-06-15T00:00:00,,,,,,,,
TEQ,SLOF,2010-06-15T00:00:00,27.16945,-80.16335,,,,VR2W,102467,,,,,,Y,2010-08-20T00:00:00,27.16945,-80.16335,Y,2010-08-20T00:00:00,,,,,,,,
TEQ,SLOF,2010-08-20T00:00:00,27.16945,-80.16335,,,,VR2W,102467,,,,,,Y,2010-09-10T00:00:00,27.16945,-80.16335,Y,2010-09-10T00:00:00,,,,,,,,
TEQ,SLOF,2010-09-10T00:00:00,27.16945,-80.16335,,,,VR2W,102467,,,,,,Y,2010-10-22T00:00:00,27.16945,-80.16335,Y,2010-10-22T00:00:00,,,,,,,,
TEQ,SLOF,2010-10-22T00:00:00,27.16945,-80.16335,,,,VR2W,102467,,,,,,Y,2010-11-23T00:00:00,27.16945,-80.16335,Y,2010-11-23T00:00:00,,,,,,,,
TEQ,SLOF,2010-11-23T00:00:00,27.16945,-80.16335,,,,VR2W,102467,,,,,,Y,2010-12-22T00:00:00,27.16945,-80.16335,Y,2010-12-22T00:00:00,,,,,,,,
TEQ,SLOF,2010-12-22T00:00:00,27.16945,-80.16335,,,,VR2W,102467,,,,,,Y,2011-02-18T00:00:00,27.16945,-80.16335,Y,2011-02-18T00:00:00,,,,,,,,
TEQ,SLOF,2011-02-18T00:00:00,27.16945,-80.16335,,,,VR2W,102467,,,,,,Y,2011-05-04T00:00:00,27.16945,-80.16335,Y,2011-05-04T00:00:00,,,,,,,,
TEQ,SLOF,2011-05-04T00:00:00,27.16945,-80.16335,,,,VR2W,102467,,,,,,Y,2011-09-12T00:00:00,27.16945,-80.16335,Y,2011-09-12T00:00:00,,,,,,,,
TEQ,SLOF,2011-09-12T00:00:00,27.16945,-80.16335,,,,VR2W,102467,,,,,,Y,2011-11-25T00:00:00,27.16945,-80.16335,Y,2011-11-25T00:00:00,,,,,,,,
TEQ,SLWS,2009-12-14T00:00:00,27.16520,-80.16315,,,,VR2,7206,,,,,,Y,2010-03-08T00:00:00,27.16520,-80.16315,Y,2010-03-08T00:00:00,,,,,,,,
TEQ,SLWS,2010-03-08T00:00:00,27.16520,-80.16315,,,,VR2,7206,,,,,,Y,2010-05-04T00:00:00,27.16520,-80.16315,Y,2010-05-04T00:00:00,,,,,,,,
TEQ,SLWS,2010-05-04T00:00:00,27.16520,-80.16315,,,,VR2,7206,,,,,,Y,2010-06-15T00:00:00,27.16520,-80.16315,Y,2010-06-15T00:00:00,,,,,,,,
TEQ,SLWS,2010-06-15T00:00:00,27.16520,-80.16315,,,,VR2,7206,,,,,,Y,2010-08-20T00:00:00,27.16520,-80.16315,Y,2010-08-20T00:00:00,,,,,,,,
TEQ,SLWS,2010-08-20T00:00:00,27.16520,-80.16315,,,,VR2,7206,,,,,,Y,2010-10-22T00:00:00,27.16520,-80.16315,Y,2010-10-22T00:00:00,,,,,,,,
TEQ,SLWS,2010-10-22T00:00:00,27.16520,-80.16315,,,,VR2,7206,,,,,,Y,2010-11-23T00:00:00,27.16520,-80.16315,Y,2010-11-23T00:00:00,,,,,,,,
TEQ,SLWS,2010-11-23T00:00:00,27.16520,-80.16315,,,,VR2,7206,,,,,,Y,2010-12-22T00:00:00,27.16520,-80.16315,Y,2010-12-22T00:00:00,,,,,,,,
TEQ,SLWS,2010-12-22T00:00:00,27.16520,-80.16315,,,,VR2,7206,,,,,,Y,2011-02-18T00:00:00,27.16520,-80.16315,Y,2011-02-18T00:00:00,,,,,,,,
TEQ,SLWS,2011-02-18T00:00:00,27.16520,-80.16315,,,,VR2W,104795,,,,,,Y,2011-05-04T00:00:00,27.16520,-80.16315,Y,2011-05-04T00:00:00,,,,,,,,
TEQ,SLWS,2011-05-04T00:00:00,27.16520,-80.16315,,,,VR2W,104795,,,,,,Y,2011-09-12T00:00:00,27.16520,-80.16315,Y,2011-09-12T00:00:00,,,,,,,,
TEQ,SLWS,2011-09-12T00:00:00,27.16520,-80.16315,,,,VR2W,106485,,,,,,Y,2011-11-25T00:00:00,27.16520,-80.16315,Y,2011-11-25T00:00:00,,,,,,,,
TEQ,SNSO,2009-10-13T00:00:00,26.86307,-80.02078,,,,VR2W,105573,,,,,,Y,2010-03-01T00:00:00,26.86307,-80.02078,Y,2010-03-01T00:00:00,,,,,,,,
TEQ,SNSO,2010-03-01T00:00:00,26.86307,-80.02078,,,,VR2W,104531,,,,,,Y,2010-04-27T00:00:00,26.86307,-80.02078,Y,2010-04-27T00:00:00,,,,,,,,
TEQ,SNSO,2010-04-27T00:00:00,26.86307,-80.02078,,,,VR2W,105572,,,,,,Y,2010-10-11T00:00:00,26.86307,-80.02078,Y,2010-10-11T00:00:00,,,,,,,,
TEQ,SNSO,2010-10-11T00:00:00,26.86307,-80.02078,,,,VR2,7200,,,,,,Y,2011-01-31T00:00:00,26.86307,-80.02078,Y,2011-01-31T00:00:00,,,,,,,,
TEQ,SNSO,2011-01-31T00:00:00,26.86307,-80.02078,,,,VR2W,104532,,,,,,Y,2011-06-10T00:00:00,26.86307,-80.02078,Y,2011-06-10T00:00:00,,,,,,,,
TEQ,SNSO,2011-06-10T00:00:00,26.86307,-80.02078,,,,VR2W,104796,,,,,,Y,2011-08-17T00:00:00,26.86307,-80.02078,Y,2011-08-17T00:00:00,,,,,,,,
TEQ,SNSO,2011-08-17T00:00:00,26.86307,-80.02078,,,,VR2W,104788,,,,,,Y,2011-11-29T00:00:00,26.86307,-80.02078,Y,2011-11-29T00:00:00,,,,,,,,
TEQ,TERE,2009-12-14T00:00:00,27.19196667,-80.10836667,,,,VR2,7201,,,,,,Y,2010-02-22T00:00:00,27.19196667,-80.10836667,Y,2010-02-22T00:00:00,,,,,,,,
TEQ,TERE,2010-02-22T00:00:00,27.19196667,-80.10836667,,,,VR2W,104796,,,,,,Y,2010-04-23T00:00:00,27.19196667,-80.10836667,Y,2010-04-23T00:00:00,,,,,,,,
TEQ,TERE,2010-04-23T00:00:00,27.19196667,-80.10836667,,,,VR2W,106494,,,,,,Y,2010-06-16T00:00:00,27.19196667,-80.10836667,Y,2010-06-16T00:00:00,,,,,,,,
TEQ,TERE,2010-06-16T00:00:00,27.19196667,-80.10836667,,,,VR2W,104796,,,,,,Y,2010-08-13T00:00:00,27.19196667,-80.10836667,Y,2010-08-13T00:00:00,,,,,,,,
TEQ,TERE,2010-08-13T00:00:00,27.19196667,-80.10836667,,,,VR2W,106499,,,,,,Y,2010-10-14T00:00:00,27.19196667,-80.10836667,Y,2010-10-14T00:00:00,,,,,,,,
TEQ,TERE,2011-05-16T00:00:00,27.19196667,-80.10836667,,,,VR2W,107890,,,,,,Y,2011-06-15T00:00:00,27.19196667,-80.10836667,Y,2011-06-15T00:00:00,,,,,,,,
TEQ,TERE,2011-06-15T00:00:00,27.19196667,-80.10836667,,,,VR2W,101927,,,,,,Y,2011-07-25T00:00:00,27.19196667,-80.10836667,Y,2011-07-25T00:00:00,,,,,,,,
TEQ,THCE,2009-12-10T00:00:00,27.00542,-80.06712,,,,VR2W,104534,,,,,,Y,2010-02-23T00:00:00,27.00542,-80.06712,Y,2010-02-23T00:00:00,,,,,,,,
TEQ,THCE,2010-02-23T00:00:00,27.00542,-80.06712,,,,VR2W,106493,,,,,,Y,2010-04-22T00:00:00,27.00542,-80.06712,Y,2010-04-22T00:00:00,,,,,,,,
TEQ,THCE,2010-04-22T00:00:00,27.00542,-80.06712,,,,VR2,6881,,,,,,Y,2010-07-30T00:00:00,27.00542,-80.06712,Y,2010-07-30T00:00:00,,,,,,,,
TEQ,THCE,2010-07-30T00:00:00,27.00542,-80.06712,,,,VR2W,106496,,,,,,Y,2010-10-12T00:00:00,27.00542,-80.06712,Y,2010-10-12T00:00:00,,,,,,,,
TEQ,THCE,2010-10-12T00:00:00,27.00542,-80.06712,,,,VR2W,101264,,,,,,Y,2011-02-02T00:00:00,27.00542,-80.06712,Y,2011-02-02T00:00:00,,,,,,,,
TEQ,THCE,2011-02-02T00:00:00,27.00542,-80.06712,,,,VR2W,110348,,,,,,Y,2011-05-09T00:00:00,27.00542,-80.06712,Y,2011-05-09T00:00:00,,,,,,,,
TEQ,THCE,2011-05-09T00:00:00,27.00542,-80.06712,,,,VR2W,107889,,,,,,Y,2011-07-11T00:00:00,27.00542,-80.06712,Y,2011-07-11T00:00:00,,,,,,,,
TEQ,THCE,2011-07-11T00:00:00,27.00542,-80.06712,,,,VR2W,105574,,,,,,Y,2012-01-09T00:00:00,27.00542,-80.06712,Y,2012-01-09T00:00:00,,,,,,,,
TEQ,THSO,2009-12-10T00:00:00,27.00457,-80.06662,,,,VR2,7207,,,,,,Y,2010-02-23T00:00:00,27.00457,-80.06662,Y,2010-02-23T00:00:00,,,,,,,,
TEQ,THSO,2010-02-23T00:00:00,27.00457,-80.06662,,,,VR2W,101265,,,,,,Y,2010-03-01T00:00:00,27.00457,-80.06662,Y,2010-03-01T00:00:00,,,,,,,,
TEQ,THSO,2010-03-01T00:00:00,27.00457,-80.06662,,,,VR2W,104797,,,,,,Y,2010-04-22T00:00:00,27.00457,-80.06662,Y,2010-04-22T00:00:00,,,,,,,,
TEQ,THSO,2010-04-22T00:00:00,27.00457,-80.06662,,,,VR2W,106496,,,,,,Y,2010-07-30T00:00:00,27.00457,-80.06662,Y,2010-07-30T00:00:00,,,,,,,,
TEQ,THSO,2010-07-30T00:00:00,27.00457,-80.06662,,,,VR2W,101265,,,,,,Y,2010-10-12T00:00:00,27.00457,-80.06662,Y,2010-10-12T00:00:00,,,,,,,,
TEQ,THSO,2010-10-12T00:00:00,27.00457,-80.06662,,,,VR2W,107564,,,,,,Y,2011-02-02T00:00:00,27.00457,-80.06662,Y,2011-02-02T00:00:00,,,,,,,,
TEQ,THSO,2011-02-02T00:00:00,27.00457,-80.06662,,,,VR2W,110347,,,,,,Y,2011-05-09T00:00:00,27.00457,-80.06662,Y,2011-05-09T00:00:00,,,,,,,,
TEQ,THSO,2011-05-09T00:00:00,27.00457,-80.06662,,,,VR2W,107887,,,,,,Y,2011-07-11T00:00:00,27.00457,-80.06662,Y,2011-07-11T00:00:00,,,,,,,,
TEQ,THSO,2011-07-11T00:00:00,27.00457,-80.06662,,,,VR2W,104790,,,,,,Y,2012-01-09T00:00:00,27.00457,-80.06662,Y,2012-01-09T00:00:00,,,,,,,,
TEQ,TUBA,2009-12-07T00:00:00,27.46043,-80.31790,,,,VR2,8188,,,,,,Y,2010-02-15T00:00:00,27.46043,-80.31790,Y,2010-02-15T00:00:00,,,,,,,,
TEQ,TUBA,2010-02-15T00:00:00,27.46043,-80.31790,,,,VR2,8188,,,,,,Y,2010-04-23T00:00:00,27.46043,-80.31790,Y,2010-04-23T00:00:00,,,,,,,,
TEQ,TUBA,2010-04-23T00:00:00,27.46043,-80.31790,,,,VR2,8188,,,,,,Y,2010-06-10T00:00:00,27.46043,-80.31790,Y,2010-06-10T00:00:00,,,,,,,,
TEQ,TUBA,2010-06-10T00:00:00,27.46043,-80.31790,,,,VR2,8188,,,,,,Y,2010-08-26T00:00:00,27.46043,-80.31790,Y,2010-08-26T00:00:00,,,,,,,,
TEQ,TUBA,2010-08-26T00:00:00,27.46043,-80.31790,,,,VR2,8188,,,,,,Y,2010-10-15T00:00:00,27.46043,-80.31790,Y,2010-10-15T00:00:00,,,,,,,,
TEQ,TUBA,2010-10-15T00:00:00,27.46043,-80.31790,,,,VR2,8188,,,,,,Y,2011-01-25T00:00:00,27.46043,-80.31790,Y,2011-01-25T00:00:00,,,,,,,,
TEQ,TUBA,2011-01-25T00:00:00,27.46043,-80.31790,,,,VR2,8188,,,,,,Y,2011-03-23T00:00:00,27.46043,-80.31790,Y,2011-03-23T00:00:00,,,,,,,,
TEQ,TUBA,2011-03-23T00:00:00,27.46043,-80.31790,,,,VR2W,107816,,,,,,Y,2011-06-01T00:00:00,27.46043,-80.31790,Y,2011-06-01T00:00:00,,,,,,,,
TEQ,TUBA,2011-06-01T00:00:00,27.46043,-80.31790,,,,VR2W,107816,,,,,,Y,2011-07-19T00:00:00,27.46043,-80.31790,Y,2011-07-19T00:00:00,,,,,,,,
TEQ,TUBA,2011-07-19T00:00:00,27.46043,-80.31790,,,,VR2W,107816,,,,,,Y,2011-10-27T00:00:00,27.46043,-80.31790,Y,2011-10-27T00:00:00,,,,,,,,
TEQ,TUCA,2009-12-10T00:00:00,26.94715,-80.03178,,,,VR2W,105572,,,,,,Y,2010-03-01T00:00:00,26.94715,-80.03178,Y,2010-03-01T00:00:00,,,,,,,,
TEQ,TUCA,2010-03-01T00:00:00,26.94715,-80.03178,,,,VR2W,106495,,,,,,Y,2010-04-27T00:00:00,26.94715,-80.03178,Y,2010-04-27T00:00:00,,,,,,,,
TEQ,TUCA,2010-04-27T00:00:00,26.94715,-80.03178,,,,VR2W,104790,,,,,,Y,2010-08-05T00:00:00,26.94715,-80.03178,Y,2010-08-05T00:00:00,,,,,,,,
TEQ,TUCA,2010-08-05T00:00:00,26.94715,-80.03178,,,,VR2,7207,,,,,,Y,2010-10-11T00:00:00,26.94715,-80.03178,Y,2010-10-11T00:00:00,,,,,,,,
TEQ,TUCA,2010-10-11T00:00:00,26.94715,-80.03178,,,,VR2W,106495,,,,,,Y,2011-01-31T00:00:00,26.94715,-80.03178,Y,2011-01-31T00:00:00,,,,,,,,
TEQ,TUCA,2011-01-31T00:00:00,26.94715,-80.03178,,,,VR2W,101927,,,,,,Y,2011-06-10T00:00:00,26.94715,-80.03178,Y,2011-06-10T00:00:00,,,,,,,,
TEQ,TUCA,2011-06-10T00:00:00,26.94715,-80.03178,,,,VR2W,106494,,,,,,Y,2011-08-17T00:00:00,26.94715,-80.03178,Y,2011-08-17T00:00:00,,,,,,,,
TEQ,TUCA,2011-08-17T00:00:00,26.94715,-80.03178,,,,VR2W,102468,,,,,,Y,2011-11-29T00:00:00,26.94715,-80.03178,Y,2011-11-29T00:00:00,,,,,,,,
TEQ,UPDB,2010-05-06T00:00:00,27.23243,-80.11173,,,,VR2W,106499,,,,,,Y,2010-06-16T00:00:00,27.23243,-80.11173,Y,2010-06-16T00:00:00,,,,,,,,
TEQ,UPDB,2010-06-16T00:00:00,27.23243,-80.11173,,,,VR2W,105575,,,,,,Y,2010-08-13T00:00:00,27.23243,-80.11173,Y,2010-08-13T00:00:00,,,,,,,,
TEQ,UPDB,2010-08-13T00:00:00,27.23243,-80.11173,,,,VR2W,104791,,,,,,Y,2010-10-14T00:00:00,27.23243,-80.11173,Y,2010-10-14T00:00:00,,,,,,,,
TEQ,UPDB,2010-10-14T00:00:00,27.23243,-80.11173,,,,VR2W,105575,,,,,,Y,2011-02-23T00:00:00,27.23243,-80.11173,Y,2011-02-23T00:00:00,,,,,,,,
TEQ,UPDB,2011-02-23T00:00:00,27.23243,-80.11173,,,,VR2W,106486,,,,,,Y,2011-05-19T00:00:00,27.23243,-80.11173,Y,2011-05-19T00:00:00,,,,,,,,
TEQ,UPDB,2011-05-19T00:00:00,27.23243,-80.11173,,,,VR2W,106496,,,,,,Y,2011-07-26T00:00:00,27.23243,-80.11173,Y,2011-07-26T00:00:00,,,,,,,,
TEQ,UPDB,2011-07-26T00:00:00,27.23243,-80.11173,,,,VR2W,105572,,,,,,Y,2011-12-30T00:00:00,27.23243,-80.11173,Y,2011-12-30T00:00:00,,,,,,,,
TEQ,VBNB,2009-10-14T00:00:00,27.65132,-80.37415,,,,VR2W,102466,,,,,,Y,2010-02-02T00:00:00,27.65132,-80.37415,Y,2010-02-02T00:00:00,,,,,,,,
TEQ,VBNB,2010-02-02T00:00:00,27.65132,-80.37415,,,,VR2W,102466,,,,,,Y,2010-04-09T00:00:00,27.65132,-80.37415,Y,2010-04-09T00:00:00,,,,,,,,
TEQ,VBNB,2010-04-09T00:00:00,27.65132,-80.37415,,,,VR2W,102466,,,,,,Y,2010-06-09T00:00:00,27.65132,-80.37415,Y,2010-06-09T00:00:00,,,,,,,,
TEQ,VBNB,2010-06-09T00:00:00,27.65132,-80.37415,,,,VR2W,102466,,,,,,Y,2010-08-24T00:00:00,27.65132,-80.37415,Y,2010-08-24T00:00:00,,,,,,,,
TEQ,VBNB,2010-08-24T00:00:00,27.65132,-80.37415,,,,VR2W,102466,,,,,,Y,2010-10-22T00:00:00,27.65132,-80.37415,Y,2010-10-22T00:00:00,,,,,,,,
TEQ,VBNB,2010-10-22T00:00:00,27.65132,-80.37415,,,,VR2W,102466,,,,,,Y,2011-01-04T00:00:00,27.65132,-80.37415,Y,2011-01-04T00:00:00,,,,,,,,
TEQ,VBNB,2011-01-04T00:00:00,27.65132,-80.37415,,,,VR2W,102466,,,,,,Y,2011-02-28T00:00:00,27.65132,-80.37415,Y,2011-02-28T00:00:00,,,,,,,,
TEQ,VBNB,2011-02-28T00:00:00,27.65132,-80.37415,,,,VR2W,102466,,,,,,Y,2011-04-19T00:00:00,27.65132,-80.37415,Y,2011-04-19T00:00:00,,,,,,,,
TEQ,VBNB,2011-04-19T00:00:00,27.65132,-80.37415,,,,VR2W,102466,,,,,,Y,2011-07-29T00:00:00,27.65132,-80.37415,Y,2011-07-29T00:00:00,,,,,,,,
TEQ,VBNB,2011-07-29T00:00:00,27.65132,-80.37415,,,,VR2W,102466,,,,,,Y,2011-10-13T00:00:00,27.65132,-80.37415,Y,2011-10-13T00:00:00,,,,,,,,
TEQ,VBNB,2011-10-13T00:00:00,27.65132,-80.37415,,,,VR2W,104795,,,,,,Y,2012-01-12T00:00:00,27.65132,-80.37415,Y,2012-01-12T00:00:00,,,,,,,,
