﻿collectioncode,catalognumber,scientificname,commonname,datelastmodified,detectedby,receiver_group,station,receiver,bottom_depth,receiver_depth,tagname,codespace,sensorname,sensorraw,sensortype,sensorvalue,sensorunit,datecollected,timezone,longitude,latitude,the_geom,yearcollected,monthcollected,daycollected,julianday,timeofday,datereleasedtagger,datereleasedpublic,local_area,notes,citation,unqdetecid,contact_poc,contact_pi
PROJ59,PROJ59-1191636-2015-06-11,Ictalurus furcatus,blue catfish,2019-11-25,PROJ59,PROJ59,Woodrow Wilson Bridge,release,,,A69-1601-17591,,,,,,,2015-06-11 14:43:59,UTC,-77.03520,38.79257,0101000020E61000006E3480B7404253C036E50AEF72654340,2015,6,11,162,14.7330555555556,,,Woodrow Wilson Bridge,,"Ogburn, M. 2013. Habitat Use and Trophic Dynamics of the Invasive Blue Catfish in Chesapeake Bay",PROJ59-1191636-2015-06-11-release-A69-1601-17591,Robert Aguilar (aguilarr@si.edu),Matthew Ogburn (ogburnm@si.edu)
PROJ59,PROJ59-1191637-2015-06-11,Ictalurus furcatus,blue catfish,2019-11-25,PROJ59,PROJ59,Woodrow Wilson Bridge,release,,,A69-1601-17592,,,,,,,2015-06-11 15:13:09,UTC,-77.03520,38.79257,0101000020E61000006E3480B7404253C036E50AEF72654340,2015,6,11,162,15.2191666666667,,,Woodrow Wilson Bridge,,"Ogburn, M. 2013. Habitat Use and Trophic Dynamics of the Invasive Blue Catfish in Chesapeake Bay",PROJ59-1191637-2015-06-11-release-A69-1601-17592,Robert Aguilar (aguilarr@si.edu),Matthew Ogburn (ogburnm@si.edu)
PROJ59,PROJ59-1191638-2015-06-11,Ictalurus furcatus,blue catfish,2019-11-25,PROJ59,PROJ59,Woodrow Wilson Bridge,release,,,A69-1601-17593,,,,,,,2015-06-11 15:51:20,UTC,-77.03520,38.79257,0101000020E61000006E3480B7404253C036E50AEF72654340,2015,6,11,162,15.8555555555556,,,Woodrow Wilson Bridge,,"Ogburn, M. 2013. Habitat Use and Trophic Dynamics of the Invasive Blue Catfish in Chesapeake Bay",PROJ59-1191638-2015-06-11-release-A69-1601-17593,Robert Aguilar (aguilarr@si.edu),Matthew Ogburn (ogburnm@si.edu)
PROJ59,PROJ59-1191639-2015-06-11,Ictalurus furcatus,blue catfish,2019-11-25,PROJ59,PROJ59,Woodrow Wilson Bridge,release,,,A69-1601-17594,,,,,,,2015-06-11 16:14:40,UTC,-77.03520,38.79257,0101000020E61000006E3480B7404253C036E50AEF72654340,2015,6,11,162,16.2444444444444,,,Woodrow Wilson Bridge,,"Ogburn, M. 2013. Habitat Use and Trophic Dynamics of the Invasive Blue Catfish in Chesapeake Bay",PROJ59-1191639-2015-06-11-release-A69-1601-17594,Robert Aguilar (aguilarr@si.edu),Matthew Ogburn (ogburnm@si.edu)
PROJ59,PROJ59-1191640-2015-06-11,Ictalurus furcatus,blue catfish,2019-11-25,PROJ59,PROJ59,Woodrow Wilson Bridge,release,,,A69-1601-17595,,,,,,,2015-06-11 16:55:38,UTC,-77.03520,38.79257,0101000020E61000006E3480B7404253C036E50AEF72654340,2015,6,11,162,16.9272222222222,,,Woodrow Wilson Bridge,,"Ogburn, M. 2013. Habitat Use and Trophic Dynamics of the Invasive Blue Catfish in Chesapeake Bay",PROJ59-1191640-2015-06-11-release-A69-1601-17595,Robert Aguilar (aguilarr@si.edu),Matthew Ogburn (ogburnm@si.edu)
PROJ59,PROJ59-1191641-2015-06-11,Ictalurus furcatus,blue catfish,2019-11-25,PROJ59,PROJ59,Woodrow Wilson Bridge,release,,,A69-1601-17596,,,,,,,2015-06-11 17:20:06,UTC,-77.03520,38.79257,0101000020E61000006E3480B7404253C036E50AEF72654340,2015,6,11,162,17.335,,,Woodrow Wilson Bridge,,"Ogburn, M. 2013. Habitat Use and Trophic Dynamics of the Invasive Blue Catfish in Chesapeake Bay",PROJ59-1191641-2015-06-11-release-A69-1601-17596,Robert Aguilar (aguilarr@si.edu),Matthew Ogburn (ogburnm@si.edu)
PROJ59,PROJ59-1191641-2015-06-11,Ictalurus furcatus,blue catfish,2020-08-04,PROJ60,PROJ60,RT 301 A,127325,13.1,1.5,A69-1601-17596,A69-1601,,,pinger,,,2017-03-08 01:31:39,UTC,-76.99137,38.35345,0101000020E6100000130F289B723F53C0B7627FD93D2D4340,2017,3,8,67,1.5275,,,Chesapeake Bay,,"O'Brien, M. 2014. PAST: The Potomac and Atlantic Striped Bass Telemetry Study",PROJ60-A69-1601-17596-550486,Mike O'Brien (obrien@umces.edu),"Mike O'Brien (obrien@umces.edu), David Secor (secor@umces.edu)"
PROJ59,PROJ59-1191641-2015-06-11,Ictalurus furcatus,blue catfish,2020-08-04,PROJ60,PROJ60,RT 301 A,127325,13.1,1.5,A69-1601-17596,A69-1601,,,pinger,,,2017-03-08 01:33:52,UTC,-76.99137,38.35345,0101000020E6100000130F289B723F53C0B7627FD93D2D4340,2017,3,8,67,1.56444444444444,,,Chesapeake Bay,,"O'Brien, M. 2014. PAST: The Potomac and Atlantic Striped Bass Telemetry Study",PROJ60-A69-1601-17596-550487,Mike O'Brien (obrien@umces.edu),"Mike O'Brien (obrien@umces.edu), David Secor (secor@umces.edu)"
PROJ59,PROJ59-1191642-2015-06-11,Ictalurus furcatus,blue catfish,2019-11-25,PROJ59,PROJ59,Woodrow Wilson Bridge,release,,,A69-1601-17597,,,,,,,2015-06-11 17:53:30,UTC,-77.03520,38.79257,0101000020E61000006E3480B7404253C036E50AEF72654340,2015,6,11,162,17.8916666666667,,,Woodrow Wilson Bridge,,"Ogburn, M. 2013. Habitat Use and Trophic Dynamics of the Invasive Blue Catfish in Chesapeake Bay",PROJ59-1191642-2015-06-11-release-A69-1601-17597,Robert Aguilar (aguilarr@si.edu),Matthew Ogburn (ogburnm@si.edu)
PROJ59,PROJ59-1191643-2015-06-11,Ictalurus furcatus,blue catfish,2019-11-25,PROJ59,PROJ59,Woodrow Wilson Bridge,release,,,A69-1601-17598,,,,,,,2015-06-11 18:14:24,UTC,-77.03520,38.79257,0101000020E61000006E3480B7404253C036E50AEF72654340,2015,6,11,162,18.24,,,Woodrow Wilson Bridge,,"Ogburn, M. 2013. Habitat Use and Trophic Dynamics of the Invasive Blue Catfish in Chesapeake Bay",PROJ59-1191643-2015-06-11-release-A69-1601-17598,Robert Aguilar (aguilarr@si.edu),Matthew Ogburn (ogburnm@si.edu)
PROJ59,PROJ59-1191644-2015-06-11,Ictalurus furcatus,blue catfish,2019-11-25,PROJ59,PROJ59,Woodrow Wilson Bridge,release,,,A69-1601-17599,,,,,,,2015-06-11 18:45:33,UTC,-77.03520,38.79257,0101000020E61000006E3480B7404253C036E50AEF72654340,2015,6,11,162,18.7591666666667,,,Woodrow Wilson Bridge,,"Ogburn, M. 2013. Habitat Use and Trophic Dynamics of the Invasive Blue Catfish in Chesapeake Bay",PROJ59-1191644-2015-06-11-release-A69-1601-17599,Robert Aguilar (aguilarr@si.edu),Matthew Ogburn (ogburnm@si.edu)
PROJ59,PROJ59-1191645-2015-06-11,Ictalurus furcatus,blue catfish,2019-11-25,PROJ59,PROJ59,Woodrow Wilson Bridge,release,,,A69-1601-17600,,,,,,,2015-06-11 19:04:11,UTC,-77.03520,38.79257,0101000020E61000006E3480B7404253C036E50AEF72654340,2015,6,11,162,19.0697222222222,,,Woodrow Wilson Bridge,,"Ogburn, M. 2013. Habitat Use and Trophic Dynamics of the Invasive Blue Catfish in Chesapeake Bay",PROJ59-1191645-2015-06-11-release-A69-1601-17600,Robert Aguilar (aguilarr@si.edu),Matthew Ogburn (ogburnm@si.edu)
PROJ59,PROJ59-1191645-2015-06-11,Ictalurus furcatus,blue catfish,2020-08-04,PROJ60,PROJ60,RT 301 B,127334,10.0,1.5,A69-1601-17600,A69-1601,,,pinger,,,2017-03-11 07:11:34,UTC,-76.99525,38.37038,0101000020E610000004560E2DB23F53C0D68BA19C682F4340,2017,3,11,70,7.19277777777778,,,Chesapeake Bay,,"O'Brien, M. 2014. PAST: The Potomac and Atlantic Striped Bass Telemetry Study",PROJ60-A69-1601-17600-551018,Mike O'Brien (obrien@umces.edu),"Mike O'Brien (obrien@umces.edu), David Secor (secor@umces.edu)"
PROJ59,PROJ59-1191645-2015-06-11,Ictalurus furcatus,blue catfish,2020-08-04,PROJ60,PROJ60,RT 301 B,127334,10.0,1.5,A69-1601-17600,A69-1601,,,pinger,,,2017-03-11 07:12:53,UTC,-76.99525,38.37038,0101000020E610000004560E2DB23F53C0D68BA19C682F4340,2017,3,11,70,7.21472222222222,,,Chesapeake Bay,,"O'Brien, M. 2014. PAST: The Potomac and Atlantic Striped Bass Telemetry Study",PROJ60-A69-1601-17600-551019,Mike O'Brien (obrien@umces.edu),"Mike O'Brien (obrien@umces.edu), David Secor (secor@umces.edu)"
PROJ59,PROJ59-1191645-2015-06-11,Ictalurus furcatus,blue catfish,2020-08-04,PROJ60,PROJ60,RT 301 B,127334,10.0,1.5,A69-1601-17600,A69-1601,,,pinger,,,2017-03-11 07:16:33,UTC,-76.99525,38.37038,0101000020E610000004560E2DB23F53C0D68BA19C682F4340,2017,3,11,70,7.27583333333333,,,Chesapeake Bay,,"O'Brien, M. 2014. PAST: The Potomac and Atlantic Striped Bass Telemetry Study",PROJ60-A69-1601-17600-551020,Mike O'Brien (obrien@umces.edu),"Mike O'Brien (obrien@umces.edu), David Secor (secor@umces.edu)"
PROJ59,PROJ59-1191645-2015-06-11,Ictalurus furcatus,blue catfish,2020-08-04,PROJ60,PROJ60,RT 301 B,127334,10.0,1.5,A69-1601-17600,A69-1601,,,pinger,,,2017-03-11 07:17:39,UTC,-76.99525,38.37038,0101000020E610000004560E2DB23F53C0D68BA19C682F4340,2017,3,11,70,7.29416666666667,,,Chesapeake Bay,,"O'Brien, M. 2014. PAST: The Potomac and Atlantic Striped Bass Telemetry Study",PROJ60-A69-1601-17600-551021,Mike O'Brien (obrien@umces.edu),"Mike O'Brien (obrien@umces.edu), David Secor (secor@umces.edu)"
PROJ59,PROJ59-1191645-2015-06-11,Ictalurus furcatus,blue catfish,2020-08-04,PROJ60,PROJ60,RT 301 B,127334,10.0,1.5,A69-1601-17600,A69-1601,,,pinger,,,2017-03-11 07:18:47,UTC,-76.99525,38.37038,0101000020E610000004560E2DB23F53C0D68BA19C682F4340,2017,3,11,70,7.31305555555556,,,Chesapeake Bay,,"O'Brien, M. 2014. PAST: The Potomac and Atlantic Striped Bass Telemetry Study",PROJ60-A69-1601-17600-551022,Mike O'Brien (obrien@umces.edu),"Mike O'Brien (obrien@umces.edu), David Secor (secor@umces.edu)"
PROJ59,PROJ59-1191645-2015-06-11,Ictalurus furcatus,blue catfish,2020-08-04,PROJ60,PROJ60,RT 301 B,127334,10.0,1.5,A69-1601-17600,A69-1601,,,pinger,,,2017-03-11 07:20:00,UTC,-76.99525,38.37038,0101000020E610000004560E2DB23F53C0D68BA19C682F4340,2017,3,11,70,7.33333333333333,,,Chesapeake Bay,,"O'Brien, M. 2014. PAST: The Potomac and Atlantic Striped Bass Telemetry Study",PROJ60-A69-1601-17600-551023,Mike O'Brien (obrien@umces.edu),"Mike O'Brien (obrien@umces.edu), David Secor (secor@umces.edu)"
PROJ59,PROJ59-1191645-2015-06-11,Ictalurus furcatus,blue catfish,2020-08-04,PROJ60,PROJ60,RT 301 B,127334,10.0,1.5,A69-1601-17600,A69-1601,,,pinger,,,2017-03-29 04:25:04,UTC,-76.99525,38.37038,0101000020E610000004560E2DB23F53C0D68BA19C682F4340,2017,3,29,88,4.41777777777778,,,Chesapeake Bay,,"O'Brien, M. 2014. PAST: The Potomac and Atlantic Striped Bass Telemetry Study",PROJ60-A69-1601-17600-554718,Mike O'Brien (obrien@umces.edu),"Mike O'Brien (obrien@umces.edu), David Secor (secor@umces.edu)"
PROJ59,PROJ59-1191645-2015-06-11,Ictalurus furcatus,blue catfish,2020-08-04,PROJ60,PROJ60,RT 301 B,127334,10.0,1.5,A69-1601-17600,A69-1601,,,pinger,,,2017-03-29 04:31:20,UTC,-76.99525,38.37038,0101000020E610000004560E2DB23F53C0D68BA19C682F4340,2017,3,29,88,4.52222222222222,,,Chesapeake Bay,,"O'Brien, M. 2014. PAST: The Potomac and Atlantic Striped Bass Telemetry Study",PROJ60-A69-1601-17600-554722,Mike O'Brien (obrien@umces.edu),"Mike O'Brien (obrien@umces.edu), David Secor (secor@umces.edu)"
PROJ59,PROJ59-1191645-2015-06-11,Ictalurus furcatus,blue catfish,2020-08-04,PROJ60,PROJ60,RT 301 B,127334,10.0,1.5,A69-1601-17600,A69-1601,,,pinger,,,2017-03-29 04:33:02,UTC,-76.99525,38.37038,0101000020E610000004560E2DB23F53C0D68BA19C682F4340,2017,3,29,88,4.55055555555556,,,Chesapeake Bay,,"O'Brien, M. 2014. PAST: The Potomac and Atlantic Striped Bass Telemetry Study",PROJ60-A69-1601-17600-554724,Mike O'Brien (obrien@umces.edu),"Mike O'Brien (obrien@umces.edu), David Secor (secor@umces.edu)"
PROJ59,PROJ59-1191645-2015-06-11,Ictalurus furcatus,blue catfish,2020-08-04,PROJ60,PROJ60,RT 301 B,127334,10.0,1.5,A69-1601-17600,A69-1601,,,pinger,,,2017-03-29 04:36:59,UTC,-76.99525,38.37038,0101000020E610000004560E2DB23F53C0D68BA19C682F4340,2017,3,29,88,4.61638888888889,,,Chesapeake Bay,,"O'Brien, M. 2014. PAST: The Potomac and Atlantic Striped Bass Telemetry Study",PROJ60-A69-1601-17600-554727,Mike O'Brien (obrien@umces.edu),"Mike O'Brien (obrien@umces.edu), David Secor (secor@umces.edu)"
PROJ59,PROJ59-1191645-2015-06-11,Ictalurus furcatus,blue catfish,2020-08-04,PROJ60,PROJ60,RT 301 B,127334,10.0,1.5,A69-1601-17600,A69-1601,,,pinger,,,2017-03-29 04:46:37,UTC,-76.99525,38.37038,0101000020E610000004560E2DB23F53C0D68BA19C682F4340,2017,3,29,88,4.77694444444444,,,Chesapeake Bay,,"O'Brien, M. 2014. PAST: The Potomac and Atlantic Striped Bass Telemetry Study",PROJ60-A69-1601-17600-554733,Mike O'Brien (obrien@umces.edu),"Mike O'Brien (obrien@umces.edu), David Secor (secor@umces.edu)"
PROJ59,PROJ59-1191645-2015-06-11,Ictalurus furcatus,blue catfish,2020-08-04,PROJ60,PROJ60,RT 301 A,127325,13.1,1.5,A69-1601-17600,A69-1601,,,pinger,,,2017-03-29 07:48:50,UTC,-76.99137,38.35345,0101000020E6100000130F289B723F53C0B7627FD93D2D4340,2017,3,29,88,7.81388888888889,,,Chesapeake Bay,,"O'Brien, M. 2014. PAST: The Potomac and Atlantic Striped Bass Telemetry Study",PROJ60-A69-1601-17600-554820,Mike O'Brien (obrien@umces.edu),"Mike O'Brien (obrien@umces.edu), David Secor (secor@umces.edu)"
