﻿collectioncode,catalognumber,scientificname,commonname,datelastmodified,detectedby,receiver_group,station,receiver,bottom_depth,receiver_depth,tagname,codespace,sensorname,sensorraw,sensortype,sensorvalue,sensorunit,datecollected,timezone,longitude,latitude,st_setsrid_4326,yearcollected,monthcollected,daycollected,julianday,timeofday,datereleasedtagger,datereleasedpublic,local_area,notes,citation,unqdetecid,contact_poc,contact_pi
PROJ67,PROJ67-1251346-2016-09-14,Carcharhinus obscurus,dusky shark,2020-01-10,PROJ67,PROJ67,Coastal Virginia,release,,,A69-9001-16950,,,,,,,2016-09-14 04:00:00,UTC,-75.70685,37.20182,0101000020E61000005E4BC8073DED52C0E0D6DD3CD5994240,2016,9,14,258,4,,,Coastal Virginia,Weight estimated with FishBase,"Ogburn, M. 2016. Dusky Shark Habitat Use and Migration",PROJ67-1251346-2016-09-14-release-A69-9001-16950,Charles Bangley (bangleyc@si.edu),Matthew Ogburn (ogburnm@si.edu)
PROJ67,PROJ67-1251346-2016-09-14,Carcharhinus obscurus,dusky shark,2020-05-04,PROJ97,PROJ97,OUTER SW,546302,21.6,21.1,A69-9001-16950,A69-9001,,,pinger,,,2016-09-24 09:46:15,UTC,-74.95380,38.14488,0101000020E610000030BB270F0BBD52C018EC866D8B124340,2016,9,24,268,9.77083333333333,,,Atlantic Ocean,,,PROJ97-A69-9001-16950-1625730,Mike O'Brien (obrien@umces.edu),David Secor (secor@umces.edu)
PROJ67,PROJ67-1251346-2016-09-14,Carcharhinus obscurus,dusky shark,2020-05-04,PROJ97,PROJ97,OUTER SW,546302,21.6,21.1,A69-9001-16950,A69-9001,,,pinger,,,2016-09-24 09:49:15,UTC,-74.95380,38.14488,0101000020E610000030BB270F0BBD52C018EC866D8B124340,2016,9,24,268,9.82083333333333,,,Atlantic Ocean,,,PROJ97-A69-9001-16950-1625733,Mike O'Brien (obrien@umces.edu),David Secor (secor@umces.edu)
PROJ67,PROJ67-1251346-2016-09-14,Carcharhinus obscurus,dusky shark,2020-05-04,PROJ97,PROJ97,OUTER SW,546302,21.6,21.1,A69-9001-16950,A69-9001,,,pinger,,,2016-09-24 09:52:10,UTC,-74.95380,38.14488,0101000020E610000030BB270F0BBD52C018EC866D8B124340,2016,9,24,268,9.86944444444445,,,Atlantic Ocean,,,PROJ97-A69-9001-16950-1625734,Mike O'Brien (obrien@umces.edu),David Secor (secor@umces.edu)
PROJ67,PROJ67-1251346-2016-09-14,Carcharhinus obscurus,dusky shark,2020-05-04,PROJ97,PROJ97,OUTER SW,546302,21.6,21.1,A69-9001-16950,A69-9001,,,pinger,,,2016-09-24 09:54:54,UTC,-74.95380,38.14488,0101000020E610000030BB270F0BBD52C018EC866D8B124340,2016,9,24,268,9.915,,,Atlantic Ocean,,,PROJ97-A69-9001-16950-1625736,Mike O'Brien (obrien@umces.edu),David Secor (secor@umces.edu)
PROJ67,PROJ67-1251346-2016-09-14,Carcharhinus obscurus,dusky shark,2020-05-04,PROJ97,PROJ97,OUTER SW,546302,21.6,21.1,A69-9001-16950,A69-9001,,,pinger,,,2016-09-24 09:57:18,UTC,-74.95380,38.14488,0101000020E610000030BB270F0BBD52C018EC866D8B124340,2016,9,24,268,9.955,,,Atlantic Ocean,,,PROJ97-A69-9001-16950-1625738,Mike O'Brien (obrien@umces.edu),David Secor (secor@umces.edu)
PROJ67,PROJ67-1251346-2016-09-14,Carcharhinus obscurus,dusky shark,2020-05-04,PROJ97,PROJ97,OUTER SW,546302,21.6,21.1,A69-9001-16950,A69-9001,,,pinger,,,2016-09-24 10:01:23,UTC,-74.95380,38.14488,0101000020E610000030BB270F0BBD52C018EC866D8B124340,2016,9,24,268,10.0230555555556,,,Atlantic Ocean,,,PROJ97-A69-9001-16950-1625743,Mike O'Brien (obrien@umces.edu),David Secor (secor@umces.edu)
PROJ67,PROJ67-1251346-2016-09-14,Carcharhinus obscurus,dusky shark,2020-05-04,PROJ97,PROJ97,OUTER SW,546302,21.6,21.1,A69-9001-16950,A69-9001,,,pinger,,,2016-09-24 10:03:01,UTC,-74.95380,38.14488,0101000020E610000030BB270F0BBD52C018EC866D8B124340,2016,9,24,268,10.0502777777778,,,Atlantic Ocean,,,PROJ97-A69-9001-16950-1625744,Mike O'Brien (obrien@umces.edu),David Secor (secor@umces.edu)
PROJ67,PROJ67-1251346-2016-09-14,Carcharhinus obscurus,dusky shark,2020-05-04,PROJ97,PROJ97,OUTER SW,546302,21.6,21.1,A69-9001-16950,A69-9001,,,pinger,,,2016-09-24 10:05:12,UTC,-74.95380,38.14488,0101000020E610000030BB270F0BBD52C018EC866D8B124340,2016,9,24,268,10.0866666666667,,,Atlantic Ocean,,,PROJ97-A69-9001-16950-1625746,Mike O'Brien (obrien@umces.edu),David Secor (secor@umces.edu)
PROJ67,PROJ67-1251346-2016-09-14,Carcharhinus obscurus,dusky shark,2020-05-04,PROJ97,PROJ97,OUTER SW,546302,21.6,21.1,A69-9001-16950,A69-9001,,,pinger,,,2016-09-24 10:06:30,UTC,-74.95380,38.14488,0101000020E610000030BB270F0BBD52C018EC866D8B124340,2016,9,24,268,10.1083333333333,,,Atlantic Ocean,,,PROJ97-A69-9001-16950-1625749,Mike O'Brien (obrien@umces.edu),David Secor (secor@umces.edu)
PROJ67,PROJ67-1251346-2016-09-14,Carcharhinus obscurus,dusky shark,2020-05-04,PROJ97,PROJ97,OUTER SW,546302,21.6,21.1,A69-9001-16950,A69-9001,,,pinger,,,2016-09-24 10:07:59,UTC,-74.95380,38.14488,0101000020E610000030BB270F0BBD52C018EC866D8B124340,2016,9,24,268,10.1330555555556,,,Atlantic Ocean,,,PROJ97-A69-9001-16950-1625750,Mike O'Brien (obrien@umces.edu),David Secor (secor@umces.edu)
PROJ67,PROJ67-1251346-2016-09-14,Carcharhinus obscurus,dusky shark,2020-05-04,PROJ97,PROJ97,OUTER SW,546302,21.6,21.1,A69-9001-16950,A69-9001,,,pinger,,,2016-09-24 10:12:36,UTC,-74.95380,38.14488,0101000020E610000030BB270F0BBD52C018EC866D8B124340,2016,9,24,268,10.21,,,Atlantic Ocean,,,PROJ97-A69-9001-16950-1625752,Mike O'Brien (obrien@umces.edu),David Secor (secor@umces.edu)
PROJ67,PROJ67-1251346-2016-09-14,Carcharhinus obscurus,dusky shark,2020-05-04,PROJ97,PROJ97,OUTER SW,546302,21.6,21.1,A69-9001-16950,A69-9001,,,pinger,,,2016-09-24 10:14:56,UTC,-74.95380,38.14488,0101000020E610000030BB270F0BBD52C018EC866D8B124340,2016,9,24,268,10.2488888888889,,,Atlantic Ocean,,,PROJ97-A69-9001-16950-1625755,Mike O'Brien (obrien@umces.edu),David Secor (secor@umces.edu)
PROJ67,PROJ67-1251346-2016-09-14,Carcharhinus obscurus,dusky shark,2020-05-04,PROJ97,PROJ97,OUTER SW,546302,21.6,21.1,A69-9001-16950,A69-9001,,,pinger,,,2016-09-24 10:16:32,UTC,-74.95380,38.14488,0101000020E610000030BB270F0BBD52C018EC866D8B124340,2016,9,24,268,10.2755555555556,,,Atlantic Ocean,,,PROJ97-A69-9001-16950-1625756,Mike O'Brien (obrien@umces.edu),David Secor (secor@umces.edu)
PROJ67,PROJ67-1251346-2016-09-14,Carcharhinus obscurus,dusky shark,2020-05-04,PROJ97,PROJ97,OUTER SW,546302,21.6,21.1,A69-9001-16950,A69-9001,,,pinger,,,2016-09-24 10:18:39,UTC,-74.95380,38.14488,0101000020E610000030BB270F0BBD52C018EC866D8B124340,2016,9,24,268,10.3108333333333,,,Atlantic Ocean,,,PROJ97-A69-9001-16950-1625758,Mike O'Brien (obrien@umces.edu),David Secor (secor@umces.edu)
PROJ67,PROJ67-1251346-2016-09-14,Carcharhinus obscurus,dusky shark,2020-05-04,PROJ97,PROJ97,OUTER SW,546302,21.6,21.1,A69-9001-16950,A69-9001,,,pinger,,,2016-09-24 10:19:49,UTC,-74.95380,38.14488,0101000020E610000030BB270F0BBD52C018EC866D8B124340,2016,9,24,268,10.3302777777778,,,Atlantic Ocean,,,PROJ97-A69-9001-16950-1625760,Mike O'Brien (obrien@umces.edu),David Secor (secor@umces.edu)
PROJ67,PROJ67-1251346-2016-09-14,Carcharhinus obscurus,dusky shark,2020-05-04,PROJ97,PROJ97,OUTER SW,546302,21.6,21.1,A69-9001-16950,A69-9001,,,pinger,,,2016-09-24 17:56:09,UTC,-74.95380,38.14488,0101000020E610000030BB270F0BBD52C018EC866D8B124340,2016,9,24,268,17.9358333333333,,,Atlantic Ocean,,,PROJ97-A69-9001-16950-1626006,Mike O'Brien (obrien@umces.edu),David Secor (secor@umces.edu)
PROJ67,PROJ67-1251346-2016-09-14,Carcharhinus obscurus,dusky shark,2020-05-04,PROJ97,PROJ97,OUTER SW,546302,21.6,21.1,A69-9001-16950,A69-9001,,,pinger,,,2016-09-24 17:59:12,UTC,-74.95380,38.14488,0101000020E610000030BB270F0BBD52C018EC866D8B124340,2016,9,24,268,17.9866666666667,,,Atlantic Ocean,,,PROJ97-A69-9001-16950-1626008,Mike O'Brien (obrien@umces.edu),David Secor (secor@umces.edu)
PROJ67,PROJ67-1251346-2016-09-14,Carcharhinus obscurus,dusky shark,2020-05-04,PROJ97,PROJ97,OUTER SW,546302,21.6,21.1,A69-9001-16950,A69-9001,,,pinger,,,2016-09-24 18:02:14,UTC,-74.95380,38.14488,0101000020E610000030BB270F0BBD52C018EC866D8B124340,2016,9,24,268,18.0372222222222,,,Atlantic Ocean,,,PROJ97-A69-9001-16950-1626010,Mike O'Brien (obrien@umces.edu),David Secor (secor@umces.edu)
PROJ67,PROJ67-1251346-2016-09-14,Carcharhinus obscurus,dusky shark,2020-05-04,PROJ97,PROJ97,OUTER SW,546302,21.6,21.1,A69-9001-16950,A69-9001,,,pinger,,,2016-09-24 18:05:14,UTC,-74.95380,38.14488,0101000020E610000030BB270F0BBD52C018EC866D8B124340,2016,9,24,268,18.0872222222222,,,Atlantic Ocean,,,PROJ97-A69-9001-16950-1626012,Mike O'Brien (obrien@umces.edu),David Secor (secor@umces.edu)
PROJ67,PROJ67-1251346-2016-09-14,Carcharhinus obscurus,dusky shark,2020-05-04,PROJ97,PROJ97,OUTER SW,546302,21.6,21.1,A69-9001-16950,A69-9001,,,pinger,,,2016-09-24 18:08:09,UTC,-74.95380,38.14488,0101000020E610000030BB270F0BBD52C018EC866D8B124340,2016,9,24,268,18.1358333333333,,,Atlantic Ocean,,,PROJ97-A69-9001-16950-1626014,Mike O'Brien (obrien@umces.edu),David Secor (secor@umces.edu)
PROJ67,PROJ67-1251346-2016-09-14,Carcharhinus obscurus,dusky shark,2020-05-04,PROJ97,PROJ97,OUTER SW,546302,21.6,21.1,A69-9001-16950,A69-9001,,,pinger,,,2016-09-24 18:10:54,UTC,-74.95380,38.14488,0101000020E610000030BB270F0BBD52C018EC866D8B124340,2016,9,24,268,18.1816666666667,,,Atlantic Ocean,,,PROJ97-A69-9001-16950-1626015,Mike O'Brien (obrien@umces.edu),David Secor (secor@umces.edu)
PROJ67,PROJ67-1251346-2016-09-14,Carcharhinus obscurus,dusky shark,2020-05-04,PROJ97,PROJ97,OUTER SW,546302,21.6,21.1,A69-9001-16950,A69-9001,,,pinger,,,2016-09-24 18:13:18,UTC,-74.95380,38.14488,0101000020E610000030BB270F0BBD52C018EC866D8B124340,2016,9,24,268,18.2216666666667,,,Atlantic Ocean,,,PROJ97-A69-9001-16950-1626017,Mike O'Brien (obrien@umces.edu),David Secor (secor@umces.edu)
PROJ67,PROJ67-1251346-2016-09-14,Carcharhinus obscurus,dusky shark,2020-05-04,PROJ97,PROJ97,OUTER SW,546302,21.6,21.1,A69-9001-16950,A69-9001,,,pinger,,,2016-09-24 18:15:02,UTC,-74.95380,38.14488,0101000020E610000030BB270F0BBD52C018EC866D8B124340,2016,9,24,268,18.2505555555556,,,Atlantic Ocean,,,PROJ97-A69-9001-16950-1626018,Mike O'Brien (obrien@umces.edu),David Secor (secor@umces.edu)
PROJ67,PROJ67-1251346-2016-09-14,Carcharhinus obscurus,dusky shark,2020-05-04,PROJ97,PROJ97,OUTER SW,546302,21.6,21.1,A69-9001-16950,A69-9001,,,pinger,,,2016-09-24 18:46:29,UTC,-74.95380,38.14488,0101000020E610000030BB270F0BBD52C018EC866D8B124340,2016,9,24,268,18.7747222222222,,,Atlantic Ocean,,,PROJ97-A69-9001-16950-1626023,Mike O'Brien (obrien@umces.edu),David Secor (secor@umces.edu)
PROJ67,PROJ67-1251346-2016-09-14,Carcharhinus obscurus,dusky shark,2020-05-04,PROJ97,PROJ97,OUTER SW,546302,21.6,21.1,A69-9001-16950,A69-9001,,,pinger,,,2016-09-24 19:16:17,UTC,-74.95380,38.14488,0101000020E610000030BB270F0BBD52C018EC866D8B124340,2016,9,24,268,19.2713888888889,,,Atlantic Ocean,,,PROJ97-A69-9001-16950-1626028,Mike O'Brien (obrien@umces.edu),David Secor (secor@umces.edu)
PROJ67,PROJ67-1251346-2016-09-14,Carcharhinus obscurus,dusky shark,2020-05-04,PROJ97,PROJ97,OUTER SW,546302,21.6,21.1,A69-9001-16950,A69-9001,,,pinger,,,2016-09-24 19:18:37,UTC,-74.95380,38.14488,0101000020E610000030BB270F0BBD52C018EC866D8B124340,2016,9,24,268,19.3102777777778,,,Atlantic Ocean,,,PROJ97-A69-9001-16950-1626030,Mike O'Brien (obrien@umces.edu),David Secor (secor@umces.edu)
PROJ67,PROJ67-1251346-2016-09-14,Carcharhinus obscurus,dusky shark,2020-05-04,PROJ97,PROJ97,OUTER SW,546302,21.6,21.1,A69-9001-16950,A69-9001,,,pinger,,,2016-09-24 19:23:21,UTC,-74.95380,38.14488,0101000020E610000030BB270F0BBD52C018EC866D8B124340,2016,9,24,268,19.3891666666667,,,Atlantic Ocean,,,PROJ97-A69-9001-16950-1626034,Mike O'Brien (obrien@umces.edu),David Secor (secor@umces.edu)
PROJ67,PROJ67-1251346-2016-09-14,Carcharhinus obscurus,dusky shark,2020-05-04,PROJ97,PROJ97,OUTER SW,546302,21.6,21.1,A69-9001-16950,A69-9001,,,pinger,,,2016-09-24 19:33:10,UTC,-74.95380,38.14488,0101000020E610000030BB270F0BBD52C018EC866D8B124340,2016,9,24,268,19.5527777777778,,,Atlantic Ocean,,,PROJ97-A69-9001-16950-1626045,Mike O'Brien (obrien@umces.edu),David Secor (secor@umces.edu)
PROJ67,PROJ67-1251346-2016-09-14,Carcharhinus obscurus,dusky shark,2020-05-04,PROJ97,PROJ97,OUTER SW,546302,21.6,21.1,A69-9001-16950,A69-9001,,,pinger,,,2016-09-24 19:35:27,UTC,-74.95380,38.14488,0101000020E610000030BB270F0BBD52C018EC866D8B124340,2016,9,24,268,19.5908333333333,,,Atlantic Ocean,,,PROJ97-A69-9001-16950-1626046,Mike O'Brien (obrien@umces.edu),David Secor (secor@umces.edu)
PROJ67,PROJ67-1251346-2016-09-14,Carcharhinus obscurus,dusky shark,2020-05-04,PROJ97,PROJ97,OUTER SW,546302,21.6,21.1,A69-9001-16950,A69-9001,,,pinger,,,2016-09-24 19:38:50,UTC,-74.95380,38.14488,0101000020E610000030BB270F0BBD52C018EC866D8B124340,2016,9,24,268,19.6472222222222,,,Atlantic Ocean,,,PROJ97-A69-9001-16950-1626047,Mike O'Brien (obrien@umces.edu),David Secor (secor@umces.edu)
PROJ67,PROJ67-1251346-2016-09-14,Carcharhinus obscurus,dusky shark,2020-05-04,PROJ97,PROJ97,OUTER SW,546302,21.6,21.1,A69-9001-16950,A69-9001,,,pinger,,,2016-09-24 19:41:32,UTC,-74.95380,38.14488,0101000020E610000030BB270F0BBD52C018EC866D8B124340,2016,9,24,268,19.6922222222222,,,Atlantic Ocean,,,PROJ97-A69-9001-16950-1626048,Mike O'Brien (obrien@umces.edu),David Secor (secor@umces.edu)
PROJ67,PROJ67-1251346-2016-09-14,Carcharhinus obscurus,dusky shark,2020-05-04,PROJ97,PROJ97,OUTER SW,546302,21.6,21.1,A69-9001-16950,A69-9001,,,pinger,,,2016-09-24 19:43:51,UTC,-74.95380,38.14488,0101000020E610000030BB270F0BBD52C018EC866D8B124340,2016,9,24,268,19.7308333333333,,,Atlantic Ocean,,,PROJ97-A69-9001-16950-1626050,Mike O'Brien (obrien@umces.edu),David Secor (secor@umces.edu)
PROJ67,PROJ67-1251346-2016-09-14,Carcharhinus obscurus,dusky shark,2020-05-04,PROJ97,PROJ97,OUTER SW,546302,21.6,21.1,A69-9001-16950,A69-9001,,,pinger,,,2016-09-24 19:45:25,UTC,-74.95380,38.14488,0101000020E610000030BB270F0BBD52C018EC866D8B124340,2016,9,24,268,19.7569444444444,,,Atlantic Ocean,,,PROJ97-A69-9001-16950-1626052,Mike O'Brien (obrien@umces.edu),David Secor (secor@umces.edu)
PROJ67,PROJ67-1251346-2016-09-14,Carcharhinus obscurus,dusky shark,2020-05-04,PROJ97,PROJ97,OUTER SW,546302,21.6,21.1,A69-9001-16950,A69-9001,,,pinger,,,2016-09-24 19:47:27,UTC,-74.95380,38.14488,0101000020E610000030BB270F0BBD52C018EC866D8B124340,2016,9,24,268,19.7908333333333,,,Atlantic Ocean,,,PROJ97-A69-9001-16950-1626055,Mike O'Brien (obrien@umces.edu),David Secor (secor@umces.edu)
PROJ67,PROJ67-1251346-2016-09-14,Carcharhinus obscurus,dusky shark,2020-05-04,PROJ97,PROJ97,OUTER SE,546306,21.3,20.8,A69-9001-16950,A69-9001,,,pinger,,,2016-09-24 19:58:11,UTC,-74.93908,38.14732,0101000020E6100000F91400E319BC52C0FB05BB61DB124340,2016,9,24,268,19.9697222222222,,,Atlantic Ocean,,,PROJ97-A69-9001-16950-1626058,Mike O'Brien (obrien@umces.edu),David Secor (secor@umces.edu)
PROJ67,PROJ67-1251346-2016-09-14,Carcharhinus obscurus,dusky shark,2020-05-04,PROJ97,PROJ97,OUTER SE,546306,21.3,20.8,A69-9001-16950,A69-9001,,,pinger,,,2016-09-24 19:59:32,UTC,-74.93908,38.14732,0101000020E6100000F91400E319BC52C0FB05BB61DB124340,2016,9,24,268,19.9922222222222,,,Atlantic Ocean,,,PROJ97-A69-9001-16950-1626059,Mike O'Brien (obrien@umces.edu),David Secor (secor@umces.edu)
PROJ67,PROJ67-1251346-2016-09-14,Carcharhinus obscurus,dusky shark,2020-05-04,PROJ97,PROJ97,OUTER SE,546306,21.3,20.8,A69-9001-16950,A69-9001,,,pinger,,,2016-09-24 20:04:24,UTC,-74.93908,38.14732,0101000020E6100000F91400E319BC52C0FB05BB61DB124340,2016,9,24,268,20.0733333333333,,,Atlantic Ocean,,,PROJ97-A69-9001-16950-1626061,Mike O'Brien (obrien@umces.edu),David Secor (secor@umces.edu)
PROJ67,PROJ67-1251346-2016-09-14,Carcharhinus obscurus,dusky shark,2020-05-04,PROJ97,PROJ97,OUTER SE,546306,21.3,20.8,A69-9001-16950,A69-9001,,,pinger,,,2016-09-24 20:05:39,UTC,-74.93908,38.14732,0101000020E6100000F91400E319BC52C0FB05BB61DB124340,2016,9,24,268,20.0941666666667,,,Atlantic Ocean,,,PROJ97-A69-9001-16950-1626063,Mike O'Brien (obrien@umces.edu),David Secor (secor@umces.edu)
PROJ67,PROJ67-1251346-2016-09-14,Carcharhinus obscurus,dusky shark,2020-05-04,PROJ97,PROJ97,OUTER SE,546306,21.3,20.8,A69-9001-16950,A69-9001,,,pinger,,,2016-09-24 20:07:02,UTC,-74.93908,38.14732,0101000020E6100000F91400E319BC52C0FB05BB61DB124340,2016,9,24,268,20.1172222222222,,,Atlantic Ocean,,,PROJ97-A69-9001-16950-1626064,Mike O'Brien (obrien@umces.edu),David Secor (secor@umces.edu)
PROJ67,PROJ67-1251346-2016-09-14,Carcharhinus obscurus,dusky shark,2020-05-04,PROJ97,PROJ97,OUTER SE,546306,21.3,20.8,A69-9001-16950,A69-9001,,,pinger,,,2016-09-24 20:08:44,UTC,-74.93908,38.14732,0101000020E6100000F91400E319BC52C0FB05BB61DB124340,2016,9,24,268,20.1455555555556,,,Atlantic Ocean,,,PROJ97-A69-9001-16950-1626065,Mike O'Brien (obrien@umces.edu),David Secor (secor@umces.edu)
PROJ67,PROJ67-1251346-2016-09-14,Carcharhinus obscurus,dusky shark,2020-05-04,PROJ97,PROJ97,OUTER SE,546306,21.3,20.8,A69-9001-16950,A69-9001,,,pinger,,,2016-09-24 20:11:03,UTC,-74.93908,38.14732,0101000020E6100000F91400E319BC52C0FB05BB61DB124340,2016,9,24,268,20.1841666666667,,,Atlantic Ocean,,,PROJ97-A69-9001-16950-1626066,Mike O'Brien (obrien@umces.edu),David Secor (secor@umces.edu)
PROJ67,PROJ67-1251346-2016-09-14,Carcharhinus obscurus,dusky shark,2020-05-04,PROJ97,PROJ97,MIDDLE SE,546307,32.0,31.5,A69-9001-16950,A69-9001,,,pinger,,,2016-10-11 02:31:39,UTC,-74.75715,38.22120,0101000020E6100000A60A462575B052C007F01648501C4340,2016,10,11,285,2.5275,,,Atlantic Ocean,,,PROJ97-A69-9001-16950-1632000,Mike O'Brien (obrien@umces.edu),David Secor (secor@umces.edu)
PROJ67,PROJ67-1251346-2016-09-14,Carcharhinus obscurus,dusky shark,2020-05-04,PROJ97,PROJ97,MIDDLE SE,546307,32.0,31.5,A69-9001-16950,A69-9001,,,pinger,,,2016-10-11 02:33:21,UTC,-74.75715,38.22120,0101000020E6100000A60A462575B052C007F01648501C4340,2016,10,11,285,2.55583333333333,,,Atlantic Ocean,,,PROJ97-A69-9001-16950-1632002,Mike O'Brien (obrien@umces.edu),David Secor (secor@umces.edu)
PROJ67,PROJ67-1251346-2016-09-14,Carcharhinus obscurus,dusky shark,2020-05-04,PROJ97,PROJ97,MIDDLE SE,546307,32.0,31.5,A69-9001-16950,A69-9001,,,pinger,,,2016-10-11 02:37:14,UTC,-74.75715,38.22120,0101000020E6100000A60A462575B052C007F01648501C4340,2016,10,11,285,2.62055555555556,,,Atlantic Ocean,,,PROJ97-A69-9001-16950-1632006,Mike O'Brien (obrien@umces.edu),David Secor (secor@umces.edu)
PROJ67,PROJ67-1251346-2016-09-14,Carcharhinus obscurus,dusky shark,2020-05-04,PROJ97,PROJ97,MIDDLE SE,546307,32.0,31.5,A69-9001-16950,A69-9001,,,pinger,,,2016-10-11 02:42:13,UTC,-74.75715,38.22120,0101000020E6100000A60A462575B052C007F01648501C4340,2016,10,11,285,2.70361111111111,,,Atlantic Ocean,,,PROJ97-A69-9001-16950-1632008,Mike O'Brien (obrien@umces.edu),David Secor (secor@umces.edu)
PROJ67,PROJ67-1251346-2016-09-14,Carcharhinus obscurus,dusky shark,2020-05-04,PROJ97,PROJ97,MIDDLE SE,546307,32.0,31.5,A69-9001-16950,A69-9001,,,pinger,,,2016-10-11 02:51:57,UTC,-74.75715,38.22120,0101000020E6100000A60A462575B052C007F01648501C4340,2016,10,11,285,2.86583333333333,,,Atlantic Ocean,,,PROJ97-A69-9001-16950-1632012,Mike O'Brien (obrien@umces.edu),David Secor (secor@umces.edu)
PROJ67,PROJ67-1251346-2016-09-14,Carcharhinus obscurus,dusky shark,2020-05-04,PROJ97,PROJ97,MIDDLE SW,546304,27.1,26.6,A69-9001-16950,A69-9001,,,pinger,,,2016-10-11 02:59:47,UTC,-74.76294,38.21864,0101000020E6100000DB334B02D4B052C079CC4065FC1B4340,2016,10,11,285,2.99638888888889,,,Atlantic Ocean,,,PROJ97-A69-9001-16950-1632017,Mike O'Brien (obrien@umces.edu),David Secor (secor@umces.edu)
PROJ67,PROJ67-1251346-2016-09-14,Carcharhinus obscurus,dusky shark,2020-05-04,PROJ97,PROJ97,MIDDLE SW,546304,27.1,26.6,A69-9001-16950,A69-9001,,,pinger,,,2016-10-11 03:04:34,UTC,-74.76294,38.21864,0101000020E6100000DB334B02D4B052C079CC4065FC1B4340,2016,10,11,285,3.07611111111111,,,Atlantic Ocean,,,PROJ97-A69-9001-16950-1632018,Mike O'Brien (obrien@umces.edu),David Secor (secor@umces.edu)
PROJ67,PROJ67-1251346-2016-09-14,Carcharhinus obscurus,dusky shark,2020-05-04,PROJ97,PROJ97,MIDDLE SW,546304,27.1,26.6,A69-9001-16950,A69-9001,,,pinger,,,2016-10-11 03:05:41,UTC,-74.76294,38.21864,0101000020E6100000DB334B02D4B052C079CC4065FC1B4340,2016,10,11,285,3.09472222222222,,,Atlantic Ocean,,,PROJ97-A69-9001-16950-1632020,Mike O'Brien (obrien@umces.edu),David Secor (secor@umces.edu)
PROJ67,PROJ67-1251346-2016-09-14,Carcharhinus obscurus,dusky shark,2020-05-04,PROJ97,PROJ97,MIDDLE SW,546304,27.1,26.6,A69-9001-16950,A69-9001,,,pinger,,,2016-10-11 03:06:50,UTC,-74.76294,38.21864,0101000020E6100000DB334B02D4B052C079CC4065FC1B4340,2016,10,11,285,3.11388888888889,,,Atlantic Ocean,,,PROJ97-A69-9001-16950-1632021,Mike O'Brien (obrien@umces.edu),David Secor (secor@umces.edu)
PROJ67,PROJ67-1251346-2016-09-14,Carcharhinus obscurus,dusky shark,2020-05-04,PROJ97,PROJ97,MIDDLE SW,546304,27.1,26.6,A69-9001-16950,A69-9001,,,pinger,,,2016-10-11 03:08:03,UTC,-74.76294,38.21864,0101000020E6100000DB334B02D4B052C079CC4065FC1B4340,2016,10,11,285,3.13416666666667,,,Atlantic Ocean,,,PROJ97-A69-9001-16950-1632023,Mike O'Brien (obrien@umces.edu),David Secor (secor@umces.edu)
PROJ67,PROJ67-1251346-2016-09-14,Carcharhinus obscurus,dusky shark,2020-05-04,PROJ97,PROJ97,MIDDLE SW,546304,27.1,26.6,A69-9001-16950,A69-9001,,,pinger,,,2016-10-11 03:09:23,UTC,-74.76294,38.21864,0101000020E6100000DB334B02D4B052C079CC4065FC1B4340,2016,10,11,285,3.15638888888889,,,Atlantic Ocean,,,PROJ97-A69-9001-16950-1632026,Mike O'Brien (obrien@umces.edu),David Secor (secor@umces.edu)
PROJ67,PROJ67-1251346-2016-09-14,Carcharhinus obscurus,dusky shark,2020-05-04,PROJ97,PROJ97,MIDDLE SW,546304,27.1,26.6,A69-9001-16950,A69-9001,,,pinger,,,2016-10-11 03:10:58,UTC,-74.76294,38.21864,0101000020E6100000DB334B02D4B052C079CC4065FC1B4340,2016,10,11,285,3.18277777777778,,,Atlantic Ocean,,,PROJ97-A69-9001-16950-1632028,Mike O'Brien (obrien@umces.edu),David Secor (secor@umces.edu)
PROJ67,PROJ67-1251346-2016-09-14,Carcharhinus obscurus,dusky shark,2020-05-04,PROJ97,PROJ97,MIDDLE SW,546304,27.1,26.6,A69-9001-16950,A69-9001,,,pinger,,,2016-10-11 03:13:04,UTC,-74.76294,38.21864,0101000020E6100000DB334B02D4B052C079CC4065FC1B4340,2016,10,11,285,3.21777777777778,,,Atlantic Ocean,,,PROJ97-A69-9001-16950-1632031,Mike O'Brien (obrien@umces.edu),David Secor (secor@umces.edu)
PROJ67,PROJ67-1251346-2016-09-14,Carcharhinus obscurus,dusky shark,2020-05-04,PROJ97,PROJ97,MIDDLE SW,546304,27.1,26.6,A69-9001-16950,A69-9001,,,pinger,,,2016-10-11 03:14:11,UTC,-74.76294,38.21864,0101000020E6100000DB334B02D4B052C079CC4065FC1B4340,2016,10,11,285,3.23638888888889,,,Atlantic Ocean,,,PROJ97-A69-9001-16950-1632032,Mike O'Brien (obrien@umces.edu),David Secor (secor@umces.edu)
PROJ67,PROJ67-1251346-2016-09-14,Carcharhinus obscurus,dusky shark,2020-05-04,PROJ97,PROJ97,OUTER SE,546306,21.3,20.8,A69-9001-16950,A69-9001,,,pinger,,,2016-10-11 15:36:19,UTC,-74.93908,38.14732,0101000020E6100000F91400E319BC52C0FB05BB61DB124340,2016,10,11,285,15.6052777777778,,,Atlantic Ocean,,,PROJ97-A69-9001-16950-1632450,Mike O'Brien (obrien@umces.edu),David Secor (secor@umces.edu)
PROJ67,PROJ67-1251346-2016-09-14,Carcharhinus obscurus,dusky shark,2020-05-04,PROJ97,PROJ97,OUTER SE,546306,21.3,20.8,A69-9001-16950,A69-9001,,,pinger,,,2016-10-11 15:42:22,UTC,-74.93908,38.14732,0101000020E6100000F91400E319BC52C0FB05BB61DB124340,2016,10,11,285,15.7061111111111,,,Atlantic Ocean,,,PROJ97-A69-9001-16950-1632453,Mike O'Brien (obrien@umces.edu),David Secor (secor@umces.edu)
PROJ67,PROJ67-1251346-2016-09-14,Carcharhinus obscurus,dusky shark,2020-05-04,PROJ97,PROJ97,OUTER SE,546306,21.3,20.8,A69-9001-16950,A69-9001,,,pinger,,,2016-10-11 15:55:19,UTC,-74.93908,38.14732,0101000020E6100000F91400E319BC52C0FB05BB61DB124340,2016,10,11,285,15.9219444444444,,,Atlantic Ocean,,,PROJ97-A69-9001-16950-1632460,Mike O'Brien (obrien@umces.edu),David Secor (secor@umces.edu)
PROJ67,PROJ67-1251349-2016-09-14,Carcharhinus obscurus,dusky shark,2020-01-10,PROJ67,PROJ67,Coastal Virginia,release,,,A69-9004-15154,,,,,,,2016-09-14 04:00:00,UTC,-75.70685,37.20182,0101000020E61000005E4BC8073DED52C0E0D6DD3CD5994240,2016,9,14,258,4,,,Coastal Virginia,Weight estimated with FishBase,"Ogburn, M. 2016. Dusky Shark Habitat Use and Migration",PROJ67-1251349-2016-09-14-release-A69-9004-15154,Charles Bangley (bangleyc@si.edu),Matthew Ogburn (ogburnm@si.edu)
